,radius,radius_err,temp,temp_err,lum,lum_err,flux,flux_err,mag,mag_err,jd,band,filter,phase,sub,site
0,,,,,,,1.448164366512115e-16,8.689306250723793e-18,19.03086770424733,0.0651606997621005,2458996.6072441554,B,B,1.9772441554814577,True,36
1,,,,,,,2.207981940613361e-16,7.209295847556429e-18,18.572892777049624,0.035454666387744,2458997.6072441554,B,B,2.9772441554814577,True,36
2,,,,,,,3.0343389592212793e-16,6.797220415786768e-18,18.227696807427943,0.0243226749752833,2458998.6072441554,B,B,3.9772441554814577,True,36
3,,,,,,,3.769967062645182e-16,7.027101837675531e-18,17.99199844978038,0.0202379931977966,2458999.6072441554,B,B,4.977244155481458,True,36
4,,,,,,,4.299663784031989e-16,8.112871894453758e-18,17.849248766940235,0.020486177524002,2459000.6072441554,B,B,5.977244155481458,True,36
5,,,,,,,4.567593937237581e-16,1.0420658089350026e-17,17.783613549017915,0.0247702373995801,2459001.6072441554,B,B,6.977244155481458,True,36
6,,,,,,,4.584328448629601e-16,1.2983657545146703e-17,17.779642854451218,0.0307501230909509,2459002.6072441554,B,B,7.977244155481458,True,36
7,,,,,,,4.4114972994794246e-16,1.4664257421227353e-17,17.82136811480953,0.036091118739159,2459003.6072441554,B,B,8.977244155481458,True,36
8,,,,,,,4.1192984403964014e-16,1.4850791748492952e-17,17.8957762686793,0.0391427659155424,2459004.6072441554,B,B,9.977244155481458,True,36
9,,,,,,,3.7644641354036607e-16,1.3531876805183549e-17,17.993577674929437,0.0390281366332929,2459005.6072441554,B,B,10.977244155481458,True,36
10,,,,,,,3.3878009447056324e-16,1.1229139538156414e-17,18.108041842535453,0.0359872986435532,2459006.6072441554,B,B,11.977244155481458,True,36
11,,,,,,,3.0159620770624596e-16,8.962834221197202e-18,18.23427262957798,0.0322657131819293,2459007.6072441554,B,B,12.977244155481458,True,36
12,,,,,,,2.6620470683942e-16,7.846273416647898e-18,18.36979880124285,0.0320017588257607,2459008.6072441554,B,B,13.977244155481458,True,36
13,,,,,,,2.324350574448666e-16,7.045955189620221e-18,18.517085446408476,0.0329125513265655,2459009.6072441554,B,B,14.977244155481458,True,36
14,,,,,,,1.993619120042044e-16,5.706830157978346e-18,18.6837365517016,0.0310795586313412,2459010.6072441554,B,B,15.977244155481458,True,36
15,,,,,,,1.6703532798209095e-16,4.995014420392472e-18,18.875823845884728,0.0324683343095425,2459011.6072441554,B,B,16.977244155481458,True,36
16,,,,,,,1.3869255675351187e-16,4.793478266620459e-18,19.07771048825883,0.0375258548303722,2459012.6072441554,B,B,17.977244155481458,True,36
17,,,,,,,1.1837430927474098e-16,5.205212246863293e-18,19.24969488044046,0.0477438446653922,2459013.6072441554,B,B,18.977244155481458,True,36
18,,,,,,,1.0537978723395808e-16,6.111242702346253e-18,19.375942233925656,0.0629654842775506,2459014.6072441554,B,B,19.977244155481458,True,36
19,,,,,,,9.654450560291286e-17,6.367750596802265e-18,19.47101518344081,0.0716116006668717,2459015.6072441554,B,B,20.977244155481458,True,36
20,,,,,,,9.033727605723308e-17,5.4898630250818586e-18,19.543165641968017,0.0659804434304035,2459016.6072441554,B,B,21.977244155481458,True,36
21,,,,,,,8.617485568110425e-17,3.825298504334496e-18,19.594381137034365,0.0481954416247014,2459017.6072441554,B,B,22.977244155481458,True,36
22,,,,,,,8.321278519369971e-17,4.0082755470975314e-18,19.632357234281034,0.0522992610751692,2459018.6072441554,B,B,23.977244155481458,True,36
23,,,,,,,8.038973945195052e-17,5.278343810985415e-18,19.66983107362829,0.0712891244404955,2459019.6072441554,B,B,24.977244155481458,True,36
24,,,,,,,7.611292562322038e-17,5.0597719288523126e-18,19.729187880755028,0.0721761152550448,2459020.6072441554,B,B,25.977244155481458,True,36
25,,,,,,,6.971617589262826e-17,3.611620923129736e-18,19.824502063240065,0.0562454826325122,2459021.6072441554,B,B,26.977244155481458,True,36
26,,,,,,,6.215411891131557e-17,4.465034148828094e-18,19.94916290238829,0.0780021508243673,2459022.6072441554,B,B,27.977244155481458,True,36
27,,,,,,,5.466443681045042e-17,7.642612074177808e-18,20.08857567905854,0.1518034872320659,2459023.6072441554,B,B,28.977244155481458,True,36
28,,,,,,,4.870435764908046e-17,1.0607170194730617e-17,20.213915817168257,0.2364643406814223,2459024.6072441554,B,B,29.977244155481458,True,36
29,,,,,,,4.5097677865324475e-17,1.2928622650487093e-17,20.29744774847133,0.3112619254700123,2459025.6072441554,B,B,30.977244155481458,True,36
30,,,,,,,4.278059580980961e-17,1.4807178686622268e-17,20.354716071081302,0.3757964265799299,2459026.6072441554,B,B,31.977244155481458,True,36
31,,,,,,,3.988057816560661e-17,1.64673042508389e-17,20.43093128216711,0.4483221635538091,2459027.6072441554,B,B,32.97724415548146,True,36
32,,,,,,,3.600851053716036e-17,1.7978490066640278e-17,20.54182373523532,0.5420991685603903,2459028.6072441554,B,B,33.97724415548146,True,36
33,,,,,,,3.218462633087829e-17,1.9379629038272777e-17,20.663714878105583,0.653772673610408,2459029.6072441554,B,B,34.97724415548146,True,36
34,,,,,,,2.939582715889027e-17,2.0822176798137148e-17,20.76211948128153,0.7690731731935223,2459030.6072441554,B,B,35.97724415548146,True,36
35,,,,,,,2.8126035336565656e-17,2.2685371180062905e-17,20.810060784225296,0.875713741173507,2459031.6072441554,B,B,36.97724415548146,True,36
36,,,,,,,2.835162671525689e-17,2.4887612067851865e-17,20.80138741861112,0.9530794266524028,2459032.6072441554,B,B,37.97724415548146,True,36
37,,,,,,,2.9678276896352374e-17,2.6443809061845497e-17,20.75173651100992,0.9674090464971612,2459033.6072441554,B,B,38.97724415548146,True,36
38,,,,,,,3.1538148301500304e-17,2.622902790290663e-17,20.68574286695353,0.9029680728098782,2459034.6072441554,B,B,39.97724415548146,True,36
39,,,,,,,3.332386491078885e-17,2.3574400603588478e-17,20.625944353265396,0.7680907193222949,2459035.6072441554,B,B,40.97724415548146,True,36
40,,,,,,,3.4490927509758505e-17,1.8447844308659065e-17,20.588569953291938,0.580720425111767,2459036.6072441554,B,B,41.97724415548146,True,36
41,,,,,,,3.465295612111294e-17,1.1524175035531969e-17,20.58348134460272,0.3610700020219659,2459037.6072441554,B,B,42.97724415548146,True,36
42,,,,,,,3.3647818906592785e-17,4.7363905033856235e-18,20.61544055299497,0.152827662653971,2459038.6072441554,B,B,43.97724415548146,True,36
43,,,,,,,3.160812040076347e-17,5.433449651598169e-18,20.683337500355464,0.1866473725890421,2459039.6072441554,B,B,44.97724415548146,True,36
44,,,,,,,2.907991171858612e-17,9.586972406650758e-18,20.77385189134373,0.3579508525248692,2459040.6072441554,B,B,45.97724415548146,True,36
45,,,,,,,2.7028398074064657e-17,1.2260333689076477e-17,20.85328222661726,0.492503920167795,2459041.6072441554,B,B,46.97724415548146,True,36
46,,,,,,,2.632600126498805e-17,1.4075196264805897e-17,20.881869763223,0.5804886649630371,2459042.6072441554,B,B,47.97724415548146,True,36
47,,,,,,,2.6967528862407686e-17,1.5182180780199406e-17,20.855729714448763,0.6112478896529175,2459043.6072441554,B,B,48.97724415548146,True,36
48,,,,,,,2.8121799172340547e-17,1.5223951459497832e-17,20.81022475511174,0.5877726879012709,2459044.6072441554,B,B,49.97724415548146,True,36
49,,,,,,,2.887488618471453e-17,1.42303228280887e-17,20.781531348806634,0.5350806126508555,2459045.6072441554,B,B,50.97724415548146,True,36
50,,,,,,,2.888629678078187e-17,1.204216452203791e-17,20.781102375558948,0.4526225846732612,2459046.6072441554,B,B,51.97724415548146,True,36
51,,,,,,,2.836930848149277e-17,8.476224020277049e-18,20.80071034164117,0.3243954422577139,2459047.6072441554,B,B,52.97724415548146,True,36
52,,,,,,,2.754550608273517e-17,4.756905582441241e-18,20.83270562211292,0.1874965870657972,2459048.6072441554,B,B,53.97724415548146,True,36
53,,,,,,,2.6272005250423308e-17,5.41917673084354e-18,20.884100186477266,0.2239625990245011,2459049.6072441554,B,B,54.97724415548146,True,36
54,,,,,,,2.4710423145694496e-17,8.81164139226125e-18,20.95063278146165,0.3871757067293406,2459050.6072441554,B,B,55.97724415548146,True,36
55,,,,,,,2.358392029012817e-17,1.1647053007523277e-17,21.001292367394605,0.5361997708460459,2459051.6072441554,B,B,56.97724415548146,True,36
56,,,,,,,2.3077687978205842e-17,1.3925413544196148e-17,21.0248513082807,0.6551499131989681,2459052.6072441554,B,B,57.97724415548146,True,36
57,,,,,,,2.3009176661403997e-17,1.5959331604802258e-17,21.02807934409701,0.7530738915536149,2459053.6072441554,B,B,58.97724415548146,True,36
58,,,,,,,2.3624806848477454e-17,1.789166582774269e-17,20.99941206939094,0.8222541574862589,2459054.6072441554,B,B,59.97724415548146,True,36
59,,,,,,,2.4976504138729267e-17,1.9571441541634388e-17,20.9390044013022,0.8507761017862653,2459055.6072441554,B,B,60.97724415548146,True,36
60,,,,,,,2.671623081523885e-17,2.0943255658063065e-17,20.865895746462016,0.8511251428245348,2459056.6072441554,B,B,61.97724415548146,True,36
61,,,,,,,2.8546256045002555e-17,2.249993771505515e-17,20.79396047044168,0.85576792113464,2459057.6072441554,B,B,62.97724415548146,True,36
62,,,,,,,3.0078275259508733e-17,2.506876141618413e-17,20.737200261249725,0.9049054262775608,2459058.6072441554,B,B,63.97724415548146,True,36
63,,,,,,,3.093515301258917e-17,2.8901753463457546e-17,20.706701397182076,1.0143683920437292,2459059.6072441554,B,B,64.97724415548146,True,36
64,,,,,,,3.099190145411186e-17,3.3181517821099646e-17,20.70471149415681,1.1624460488475974,2459060.6072441554,B,B,65.97724415548146,True,36
65,,,,,,,3.0319390410134656e-17,3.6729196663685984e-17,20.72853123613305,1.3152743015937225,2459061.6072441554,B,B,66.97724415548146,True,36
66,,,,,,,2.911274141722459e-17,3.865280318494292e-17,20.772625089030434,1.441528383527257,2459062.6072441554,B,B,67.97724415548146,True,36
67,,,,,,,2.7636498565915465e-17,3.853999316530393e-17,20.82912554958331,1.5140956146427975,2459063.6072441554,B,B,68.97724415548146,True,36
68,,,,,,,2.6181628247235243e-17,3.6478449896436675e-17,20.88784132227132,1.5127375974738055,2459064.6072441554,B,B,69.97724415548146,True,36
69,,,,,,,2.5023638126916306e-17,3.305840126868901e-17,20.936956353131382,1.434349159220177,2459065.6072441554,B,B,70.97724415548146,True,36
70,,,,,,,2.437931075884375e-17,2.933229624752206e-17,20.96527850243961,1.30631697251576,2459066.6072441554,B,B,71.97724415548146,True,36
71,,,,,,,2.4344240059734266e-17,2.650750935079316e-17,20.966841490751797,1.1822172877691504,2459067.6072441554,B,B,72.97724415548146,True,36
72,,,,,,,2.478299611624313e-17,2.5172601540671178e-17,20.947447655786075,1.102805484220723,2459068.6072441554,B,B,73.97724415548146,True,36
73,,,,,,,2.5296454617648505e-17,2.4897023099371578e-17,20.925182975972564,1.068592631517221,2459069.6072441554,B,B,74.97724415548146,True,36
74,,,,,,,2.579593852387553e-17,2.5030375273301613e-17,20.903953893202367,1.0535143765962671,2459070.6072441554,B,B,75.97724415548146,True,36
75,,,,,,,2.6657500010946488e-17,2.5246164317628384e-17,20.86828404935329,1.0282546967103343,2459071.6072441554,B,B,76.97724415548146,True,36
76,,,,,,,2.772707419722376e-17,2.5315323160216037e-17,20.825572304404847,0.9912977148706628,2459072.6072441554,B,B,77.97724415548146,True,36
77,,,,,,,2.843596208730493e-17,2.5202157485117792e-17,20.79816227495034,0.962263943416444,2459073.6072441554,B,B,78.97724415548146,True,36
78,,,,,,,2.873585360894862e-17,2.5111744367497988e-17,20.78677175179984,0.9488053083406718,2459074.6072441554,B,B,79.97724415548146,True,36
79,,,,,,,2.870397107662668e-17,2.5195377983463345e-17,20.78797707002162,0.9530227198985852,2459075.6072441554,B,B,80.97724415548146,True,36
80,,,,,,,2.821953656718655e-17,2.5330736461414686e-17,20.806457577326523,0.9745912178364272,2459076.6072441554,B,B,81.97724415548146,True,36
81,,,,,,,2.722647617852759e-17,2.5289631185630508e-17,20.84535413456597,1.0084999813554705,2459077.6072441554,B,B,82.97724415548146,True,36
82,,,,,,,2.5986515255737458e-17,2.5167499799259885e-17,20.895962593773312,1.051518385299707,2459078.6072441554,B,B,83.97724415548146,True,36
83,,,,,,,2.5127684657817172e-17,2.5122286449339185e-17,20.932450939145397,1.085503197976594,2459079.6072441554,B,B,84.97724415548146,True,36
84,,,,,,,2.4987245301247232e-17,2.5154911868822362e-17,20.93853606349187,1.0930216013159375,2459080.6072441554,B,B,85.97724415548146,True,36
85,,,,,,,2.5188218715492808e-17,2.5328493909623773e-17,20.92983836828686,1.0917827306039898,2459081.6072441554,B,B,86.97724415548146,True,36
86,,,,,,,2.5025055423105358e-17,2.5748299935451346e-17,20.936894573603773,1.117115595131135,2459082.6072441554,B,B,87.97724415548146,True,36
87,,,,,,,2.404986765925949e-17,2.6140872980870347e-17,20.980051545658856,1.1801382057488226,2459083.6072441554,B,B,88.97724415548146,True,36
88,,,,,,,2.2384002447456126e-17,2.6200294566977866e-17,21.057990153407207,1.2708514053684772,2459084.6072441554,B,B,89.97724415548146,True,36
89,,,,,,,1.2277327793919592e-16,4.901391707722159e-18,18.699793522170797,0.0433560770617093,2458996.6072441554,V,V,1.9772441554814577,True,36
90,,,,,,,1.953667540907172e-16,4.200945498700534e-18,18.19538680538223,0.0233493363207332,2458997.6072441554,V,V,2.9772441554814577,True,36
91,,,,,,,2.7673393287455865e-16,4.3466771582326214e-18,17.817328263088505,0.0170543134239243,2458998.6072441554,V,V,3.9772441554814577,True,36
92,,,,,,,3.5215532318808283e-16,4.7699778394471066e-18,17.55563163899617,0.0147066250967517,2458999.6072441554,V,V,4.977244155481458,True,36
93,,,,,,,4.1069751786207123e-16,5.3151773685793896e-18,17.388653532252647,0.0140513545726535,2459000.6072441554,V,V,5.977244155481458,True,36
94,,,,,,,4.472318091961915e-16,6.4317567904923025e-18,17.296123393783954,0.0156141750086274,2459001.6072441554,V,V,6.977244155481458,True,36
95,,,,,,,4.636410568310347e-16,7.638024818503572e-18,17.256999390965376,0.0178863948721875,2459002.6072441554,V,V,7.977244155481458,True,36
96,,,,,,,4.669165385756474e-16,8.782651524869427e-18,17.249355859201614,0.0204225893446162,2459003.6072441554,V,V,8.977244155481458,True,36
97,,,,,,,4.633592332204086e-16,9.550183892104796e-18,17.25765950415038,0.0223778529945758,2459004.6072441554,V,V,9.977244155481458,True,36
98,,,,,,,4.560797137812849e-16,9.505681808904473e-18,17.274852251907493,0.0226290664610469,2459005.6072441554,V,V,10.977244155481458,True,36
99,,,,,,,4.455732571716245e-16,8.643831766532367e-18,17.30015649642251,0.0210625331324117,2459006.6072441554,V,V,11.977244155481458,True,36
100,,,,,,,4.310002972145311e-16,7.428864842111424e-18,17.33626065734016,0.0187140626706541,2459007.6072441554,V,V,12.977244155481458,True,36
101,,,,,,,4.1135157416173213e-16,6.75308061197023e-18,17.386922200160402,0.0178243171903699,2459008.6072441554,V,V,13.977244155481458,True,36
102,,,,,,,3.861821062631331e-16,6.056074568688003e-18,17.45547556865225,0.0170263314900398,2459009.6072441554,V,V,14.977244155481458,True,36
103,,,,,,,3.559432126747903e-16,4.930959501271535e-18,17.544005273226194,0.0150408842282793,2459010.6072441554,V,V,15.977244155481458,True,36
104,,,,,,,3.223317948770983e-16,4.802491462460294e-18,17.651700226800468,0.016176812877258,2459011.6072441554,V,V,16.977244155481458,True,36
105,,,,,,,2.896362892314876e-16,4.8077499348520975e-18,17.76782554537256,0.0180224455399406,2459012.6072441554,V,V,17.977244155481458,True,36
106,,,,,,,2.6239330687052524e-16,4.348447021232907e-18,17.87507517833548,0.0179931342482011,2459013.6072441554,V,V,18.977244155481458,True,36
107,,,,,,,2.402264349104849e-16,4.522855054936718e-18,17.970904700500263,0.0204419012244913,2459014.6072441554,V,V,19.977244155481458,True,36
108,,,,,,,2.204343073053524e-16,5.0036956188619756e-18,18.06425873065808,0.0246455926037537,2459015.6072441554,V,V,20.977244155481458,True,36
109,,,,,,,2.024592889034488e-16,4.7229739553217246e-18,18.156612210654263,0.0253279139344373,2459016.6072441554,V,V,21.977244155481458,True,36
110,,,,,,,1.8724030013030864e-16,3.559957587725267e-18,18.241457566785485,0.0206426762063239,2459017.6072441554,V,V,22.977244155481458,True,36
111,,,,,,,1.7518990408190762e-16,3.7508543421735305e-18,18.313682654007145,0.0232462150159924,2459018.6072441554,V,V,23.977244155481458,True,36
112,,,,,,,1.6520640447726966e-16,4.830473422911797e-18,18.37738807250512,0.0317460912027725,2459019.6072441554,V,V,24.977244155481458,True,36
113,,,,,,,1.5504271907032548e-16,4.853910274776178e-18,18.44632730674986,0.0339909802249257,2459020.6072441554,V,V,25.977244155481458,True,36
114,,,,,,,1.443070004952601e-16,4.1577389043416975e-18,18.524237385126774,0.0312819274173839,2459021.6072441554,V,V,26.977244155481458,True,36
115,,,,,,,1.3486589600345736e-16,4.50322994589878e-18,18.59770000040189,0.0362536586892783,2459022.6072441554,V,V,27.977244155481458,True,36
116,,,,,,,1.2774993198802914e-16,5.735675601689661e-18,18.65655306447749,0.0487473947796833,2459023.6072441554,V,V,28.977244155481458,True,36
117,,,,,,,1.229583745997056e-16,6.531590461908378e-18,18.69805905468986,0.057674784220363,2459024.6072441554,V,V,29.977244155481458,True,36
118,,,,,,,1.195408107544953e-16,6.698842553469287e-18,18.728663823682727,0.060842652405307,2459025.6072441554,V,V,30.977244155481458,True,36
119,,,,,,,1.151006477818195e-16,6.787219611923176e-18,18.76976054606059,0.0640235838060467,2459026.6072441554,V,V,31.977244155481458,True,36
120,,,,,,,1.0771497111868276e-16,7.470672506455634e-18,18.841766365508544,0.075303210294606,2459027.6072441554,V,V,32.97724415548146,True,36
121,,,,,,,9.800993650358904e-17,8.805941186551385e-18,18.944282681102784,0.0975526146921527,2459028.6072441554,V,V,33.97724415548146,True,36
122,,,,,,,8.807128008915861e-17,1.0798763714056602e-17,19.06037239093357,0.1331295261293906,2459029.6072441554,V,V,34.97724415548146,True,36
123,,,,,,,7.950217601300548e-17,1.3562207879266613e-17,19.171509713883093,0.1852186996611859,2459030.6072441554,V,V,35.97724415548146,True,36
124,,,,,,,7.3017299440734e-17,1.7068034901720308e-17,19.2638915178404,0.2537980783191731,2459031.6072441554,V,V,36.97724415548146,True,36
125,,,,,,,6.861337811943125e-17,2.071664435616399e-17,19.331432904069747,0.3278219031602409,2459032.6072441554,V,V,37.97724415548146,True,36
126,,,,,,,6.58487525346353e-17,2.3298958318631912e-17,19.37608549151759,0.3841618180788775,2459033.6072441554,V,V,38.97724415548146,True,36
127,,,,,,,6.411777575787266e-17,2.3778167621932586e-17,19.405008054335003,0.4026467098900869,2459034.6072441554,V,V,39.97724415548146,True,36
128,,,,,,,6.282354863826792e-17,2.1676988670546008e-17,19.427147982603184,0.3746277869024274,2459035.6072441554,V,V,40.97724415548146,True,36
129,,,,,,,6.153136385757325e-17,1.7145718288856048e-17,19.44971282734521,0.3025390771466608,2459036.6072441554,V,V,41.97724415548146,True,36
130,,,,,,,6.010440306940986e-17,1.0993095615991248e-17,19.475188499005974,0.1985793067343119,2459037.6072441554,V,V,42.97724415548146,True,36
131,,,,,,,5.862818467328614e-17,5.205898914451947e-18,19.502188110157743,0.0964069606105492,2459038.6072441554,V,V,43.97724415548146,True,36
132,,,,,,,5.715996118106701e-17,4.8749630077373706e-18,19.52972444034095,0.09259934958671,2459039.6072441554,V,V,44.97724415548146,True,36
133,,,,,,,5.559759940566955e-17,7.161371981205525e-18,19.559814197693427,0.1398513093775578,2459040.6072441554,V,V,45.97724415548146,True,36
134,,,,,,,5.41388188532679e-17,8.194473524198261e-18,19.588682240108376,0.1643377717325324,2459041.6072441554,V,V,46.97724415548146,True,36
135,,,,,,,5.3242888243405305e-17,9.342439230106509e-18,19.606800022123984,0.1905125204246241,2459042.6072441554,V,V,47.97724415548146,True,36
136,,,,,,,5.2857789583034615e-17,1.0901600593419134e-17,19.614681518879557,0.2239266657557004,2459043.6072441554,V,V,48.97724415548146,True,36
137,,,,,,,5.237958269153733e-17,1.1785593921111635e-17,19.624548994331164,0.2442946399242335,2459044.6072441554,V,V,49.97724415548146,True,36
138,,,,,,,5.1269090785059165e-17,1.1573263248222397e-17,19.64781526815297,0.2450891692141873,2459045.6072441554,V,V,50.97724415548146,True,36
139,,,,,,,4.960427907821278e-17,9.955967922442869e-18,19.68365660318221,0.2179146514969877,2459046.6072441554,V,V,51.97724415548146,True,36
140,,,,,,,4.7966088494101443e-17,6.827440405886953e-18,19.720118554332643,0.1545409483642243,2459047.6072441554,V,V,52.97724415548146,True,36
141,,,,,,,4.67923997550616e-17,3.4696845871269475e-18,19.74701585539611,0.0805073630075221,2459048.6072441554,V,V,53.97724415548146,True,36
142,,,,,,,4.587067196883057e-17,3.8174792426198985e-18,19.768616399146502,0.0903585686871829,2459049.6072441554,V,V,54.97724415548146,True,36
143,,,,,,,4.492139464790118e-17,5.684360936168017e-18,19.791321060389944,0.1373897108108849,2459050.6072441554,V,V,55.97724415548146,True,36
144,,,,,,,4.421170035751485e-17,6.7128982132198044e-18,19.808611013824468,0.1648532906414016,2459051.6072441554,V,V,56.97724415548146,True,36
145,,,,,,,4.360293224881881e-17,7.327738387230775e-18,19.82366486579846,0.1824647629404221,2459052.6072441554,V,V,57.97724415548146,True,36
146,,,,,,,4.274959988939312e-17,7.83714187641208e-18,19.845124026059032,0.1990446759591489,2459053.6072441554,V,V,58.97724415548146,True,36
147,,,,,,,4.1972553853812126e-17,8.546302739551807e-18,19.865040582844514,0.2210739818353104,2459054.6072441554,V,V,59.97724415548146,True,36
148,,,,,,,4.155346022983365e-17,9.270899821888166e-18,19.875936027497385,0.2422362479711536,2459055.6072441554,V,V,60.97724415548146,True,36
149,,,,,,,4.14323735557178e-17,9.75774697926352e-18,19.87910446603762,0.2557019554094026,2459056.6072441554,V,V,61.97724415548146,True,36
150,,,,,,,4.154791450088864e-17,1.076273366096329e-17,19.87608093176907,0.2812532174675211,2459057.6072441554,V,V,62.97724415548146,True,36
151,,,,,,,4.156866823644916e-17,1.3795041452778617e-17,19.8755387328439,0.3603144779772343,2459058.6072441554,V,V,63.97724415548146,True,36
152,,,,,,,4.1050055879810447e-17,1.8840077424391472e-17,19.889169794829964,0.4983050397086799,2459059.6072441554,V,V,64.97724415548146,True,36
153,,,,,,,3.98136811109765e-17,2.4236287061541276e-17,19.92237376874991,0.6609384047847148,2459060.6072441554,V,V,65.97724415548146,True,36
154,,,,,,,3.793223217990312e-17,2.844398891074749e-17,19.974934173985552,0.814158957528804,2459061.6072441554,V,V,66.97724415548146,True,36
155,,,,,,,3.5651414935961136e-17,3.052499691299861e-17,20.042263699579795,0.9296189265147476,2459062.6072441554,V,V,67.97724415548146,True,36
156,,,,,,,3.330128986328724e-17,3.010805785304627e-17,20.116303043562077,0.9816263046111228,2459063.6072441554,V,V,68.97724415548146,True,36
157,,,,,,,3.121944523561609e-17,2.7313508572916258e-17,20.186392296832143,0.9498940730217186,2459064.6072441554,V,V,69.97724415548146,True,36
158,,,,,,,2.967942904127656e-17,2.271513336903243e-17,20.24131571420305,0.8309633584921805,2459065.6072441554,V,V,70.97724415548146,True,36
159,,,,,,,2.885567715525794e-17,1.7429010114959717e-17,20.271875895092887,0.6557897878540381,2459066.6072441554,V,V,71.97724415548146,True,36
160,,,,,,,2.879969004977982e-17,1.3185505244774113e-17,20.273984513427152,0.4970889149571726,2459067.6072441554,V,V,72.97724415548146,True,36
161,,,,,,,2.9371210767271127e-17,1.1375093848768465e-17,20.25264963330722,0.42049234655981,2459068.6072441554,V,V,73.97724415548146,True,36
162,,,,,,,3.0209350104122344e-17,1.1194909928594634e-17,20.22210084753628,0.4023497311374963,2459069.6072441554,V,V,74.97724415548146,True,36
163,,,,,,,3.1124221050341985e-17,1.1289348941011018e-17,20.18970814944229,0.393817455265215,2459070.6072441554,V,V,75.97724415548146,True,36
164,,,,,,,3.2194402588099137e-17,1.1376675079993576e-17,20.153003467726563,0.3836714947916828,2459071.6072441554,V,V,76.97724415548146,True,36
165,,,,,,,3.3020646697712656e-17,1.1486403468905967e-17,20.125490130263675,0.3776789861907654,2459072.6072441554,V,V,77.97724415548146,True,36
166,,,,,,,3.31039836162302e-17,1.164099620057094e-17,20.12275338084048,0.3817985414628809,2459073.6072441554,V,V,78.97724415548146,True,36
167,,,,,,,3.266024025655238e-17,1.1745739875071785e-17,20.13740567608097,0.3904679802765328,2459074.6072441554,V,V,79.97724415548146,True,36
168,,,,,,,3.20017195443784e-17,1.173988868816246e-17,20.15952091617692,0.3983044300950093,2459075.6072441554,V,V,80.97724415548146,True,36
169,,,,,,,3.115593634213494e-17,1.1704770543389657e-17,20.188602330646116,0.4078933479392342,2459076.6072441554,V,V,81.97724415548146,True,36
170,,,,,,,3.0105272482563584e-17,1.1530809396827117e-17,20.22584808346495,0.4158548175035276,2459077.6072441554,V,V,82.97724415548146,True,36
171,,,,,,,2.911057489896126e-17,1.1383323391782084e-17,20.26232729241129,0.4245636332321022,2459078.6072441554,V,V,83.97724415548146,True,36
172,,,,,,,2.870293488303064e-17,1.1421200980575496e-17,20.27763823681425,0.4320259026262437,2459079.6072441554,V,V,84.97724415548146,True,36
173,,,,,,,2.9121647208875645e-17,1.1434352438034776e-17,20.26191442900017,0.4263047852036905,2459080.6072441554,V,V,85.97724415548146,True,36
174,,,,,,,3.005046611252813e-17,1.1442211204382046e-17,20.227826324980384,0.4134121054375579,2459081.6072441554,V,V,86.97724415548146,True,36
175,,,,,,,3.0724021365062876e-17,1.1983010588527461e-17,20.203758870361096,0.4234596832042283,2459082.6072441554,V,V,87.97724415548146,True,36
176,,,,,,,3.0372524721836646e-17,1.2962520069484284e-17,20.21625218514709,0.4633763466438627,2459083.6072441554,V,V,88.97724415548146,True,36
177,,,,,,,2.8855848975443977e-17,1.3485134901833228e-17,20.271871103142598,0.5073963381108617,2459084.6072441554,V,V,89.97724415548146,True,36
178,,,,,,,1.449693955716679e-16,2.6650919098747214e-18,18.77642515489173,0.0199659450520302,2458996.6072441554,g,g,1.9772441554814577,True,36
179,,,,,,,2.268743727150085e-16,2.209894044275125e-18,18.290115643450488,0.0105762357299854,2458997.6072441554,g,g,2.9772441554814577,True,36
180,,,,,,,3.172635801448388e-16,3.275344343768616e-18,17.926001428668325,0.0112085369945938,2458998.6072441554,g,g,3.9772441554814577,True,36
181,,,,,,,3.9967114644293643e-16,4.496541982574155e-18,17.67527904509202,0.012215134269503,2458999.6072441554,g,g,4.977244155481458,True,36
182,,,,,,,4.620205081243105e-16,5.563729127397965e-18,17.517874893073966,0.0130744983921393,2459000.6072441554,g,g,5.977244155481458,True,36
183,,,,,,,4.98443417691203e-16,7.136014685856071e-18,17.43548505917239,0.0155439552776965,2459001.6072441554,g,g,6.977244155481458,True,36
184,,,,,,,5.10261807969909e-16,8.896391341675253e-18,17.410041342218673,0.0189297573194534,2459002.6072441554,g,g,7.977244155481458,True,36
185,,,,,,,5.042690657455646e-16,1.0311521332345514e-17,17.42286841801736,0.0222016715860305,2459003.6072441554,g,g,8.977244155481458,True,36
186,,,,,,,4.874913740452962e-16,1.086798422595743e-17,17.459607316763833,0.0242050973850084,2459004.6072441554,g,g,9.977244155481458,True,36
187,,,,,,,4.646705282274126e-16,1.0276487563337996e-17,17.511662237385515,0.0240117014008298,2459005.6072441554,g,g,10.977244155481458,True,36
188,,,,,,,4.383395956639658e-16,8.727209703216125e-18,17.574998711904666,0.0216165425017582,2459006.6072441554,g,g,11.977244155481458,True,36
189,,,,,,,4.095219404461535e-16,6.944320096949305e-18,17.648833036486927,0.0184108603119305,2459007.6072441554,g,g,12.977244155481458,True,36
190,,,,,,,3.783789896274688e-16,6.0324840754985925e-18,17.734709173357505,0.0173098492205926,2459008.6072441554,g,g,13.977244155481458,True,36
191,,,,,,,3.445855189563041e-16,5.1488504135024894e-18,17.836285308363667,0.0162230383166975,2459009.6072441554,g,g,14.977244155481458,True,36
192,,,,,,,3.0793854110427653e-16,3.488720496840773e-18,17.958369478249832,0.0123003186093515,2459010.6072441554,g,g,15.977244155481458,True,36
193,,,,,,,2.695347735356903e-16,2.9938675986868887e-18,18.102994296335904,0.0120601040155832,2459011.6072441554,g,g,16.977244155481458,True,36
194,,,,,,,2.337559889039759e-16,3.0107741803245528e-18,18.25762407985809,0.0139843674224295,2459012.6072441554,g,g,17.977244155481458,True,36
195,,,,,,,2.0561921120770012e-16,3.235896116450116e-18,18.396869616500947,0.0170870714270062,2459013.6072441554,g,g,18.977244155481458,True,36
196,,,,,,,1.8479509636025375e-16,4.175682903843868e-18,18.512801437867218,0.0245340940104072,2459014.6072441554,g,g,19.977244155481458,True,36
197,,,,,,,1.6814817061485563e-16,4.698929630981134e-18,18.615296564899275,0.0303412743713405,2459015.6072441554,g,g,20.977244155481458,True,36
198,,,,,,,1.543786816438525e-16,4.223803755729884e-18,18.70805798825833,0.0297054529085111,2459016.6072441554,g,g,21.977244155481458,True,36
199,,,,,,,1.4337703208364308e-16,2.783273015602376e-18,18.788326681180017,0.0210762731366946,2459017.6072441554,g,g,22.977244155481458,True,36
200,,,,,,,1.346609274587747e-16,3.1187322539982948e-18,18.856421240236653,0.0251461099465985,2459018.6072441554,g,g,23.977244155481458,True,36
201,,,,,,,1.2705933461302747e-16,4.5830284072989314e-18,18.919508910144376,0.0391629098583796,2459019.6072441554,g,g,24.977244155481458,True,36
202,,,,,,,1.1865862984459306e-16,4.9161437778651096e-18,18.993777911381454,0.0449831630338468,2459020.6072441554,g,g,25.977244155481458,True,36
203,,,,,,,1.0899353322379384e-16,4.40299264501282e-18,19.086025136188997,0.043860253510841,2459021.6072441554,g,g,26.977244155481458,True,36
204,,,,,,,9.960467440035787e-17,4.421806168432443e-18,19.18382749402997,0.0482003122765355,2459022.6072441554,g,g,27.977244155481458,True,36
205,,,,,,,9.17474710873798e-17,5.1073948254156766e-18,19.27304069432545,0.0604412962654401,2459023.6072441554,g,g,28.977244155481458,True,36
206,,,,,,,8.625971234237225e-17,5.4507063057290334e-18,19.34000479467037,0.0686072074858226,2459024.6072441554,g,g,29.977244155481458,True,36
207,,,,,,,8.308786935218972e-17,5.228914515458514e-18,19.38068028070749,0.0683278667701973,2459025.6072441554,g,g,30.977244155481458,True,36
208,,,,,,,8.02965754800877e-17,4.963343557791116e-18,19.4177821594292,0.067112323317528,2459026.6072441554,g,g,31.977244155481458,True,36
209,,,,,,,7.565544384124826e-17,5.367816587454503e-18,19.482425763300306,0.0770348113856811,2459027.6072441554,g,g,32.97724415548146,True,36
210,,,,,,,6.910169209271724e-17,6.37707950737984e-18,19.58080607533392,0.1001996491269693,2459028.6072441554,g,g,33.97724415548146,True,36
211,,,,,,,6.222087423430448e-17,7.813297561931578e-18,19.694687695377265,0.1363429435591204,2459029.6072441554,g,g,34.97724415548146,True,36
212,,,,,,,5.64130439845104e-17,1.0034485297084272e-17,19.80107793197261,0.1931298961004685,2459030.6072441554,g,g,35.97724415548146,True,36
213,,,,,,,5.237994591249225e-17,1.3594612440444432e-17,19.88161258645641,0.2817943254120218,2459031.6072441554,g,g,36.97724415548146,True,36
214,,,,,,,5.017958453254228e-17,1.785495410236575e-17,19.928206602608302,0.3863295665767453,2459032.6072441554,g,g,37.97724415548146,True,36
215,,,,,,,4.942674472921984e-17,2.120480382945749e-17,19.944618983471408,0.4657970034857886,2459033.6072441554,g,g,38.97724415548146,True,36
216,,,,,,,4.953663927907808e-17,2.2359900311363157e-17,19.942207668744384,0.4900807977912237,2459034.6072441554,g,g,39.97724415548146,True,36
217,,,,,,,4.9885951085864556e-17,2.070934013584696e-17,19.93457836883893,0.4507259590400403,2459035.6072441554,g,g,40.97724415548146,True,36
218,,,,,,,4.9943077068553394e-17,1.6323961459489068e-17,19.933335767797026,0.354873930506225,2459036.6072441554,g,g,41.97724415548146,True,36
219,,,,,,,4.9385215976318956e-17,9.947474412521128e-18,19.9455317400783,0.2186937567619585,2459037.6072441554,g,g,42.97724415548146,True,36
220,,,,,,,4.8116236626657625e-17,3.1975994869841445e-18,19.97379529315396,0.0721506123641331,2459038.6072441554,g,g,43.97724415548146,True,36
221,,,,,,,4.62217364712613e-17,3.6922298564646185e-18,20.017409148121157,0.0867326144590713,2459039.6072441554,g,g,44.97724415548146,True,36
222,,,,,,,4.400495190318667e-17,6.684244270178654e-18,20.070771000879827,0.1649222461874998,2459040.6072441554,g,g,45.97724415548146,True,36
223,,,,,,,4.218285006780629e-17,7.508658735440774e-18,20.116684533941587,0.1932641996292556,2459041.6072441554,g,g,46.97724415548146,True,36
224,,,,,,,4.152261138391848e-17,8.03299873794018e-18,20.133812353591807,0.210047406970255,2459042.6072441554,g,g,47.97724415548146,True,36
225,,,,,,,4.1991796176467923e-17,8.907386993462828e-18,20.12161300396101,0.2303084377058594,2459043.6072441554,g,g,48.97724415548146,True,36
226,,,,,,,4.2773224942241757e-17,9.351468502092445e-18,20.101594080358822,0.2373734433824048,2459044.6072441554,g,g,49.97724415548146,True,36
227,,,,,,,4.301655671078958e-17,9.271979661453668e-18,20.09543489761741,0.2340243709339976,2459045.6072441554,g,g,50.97724415548146,True,36
228,,,,,,,4.250698137998728e-17,8.231100819548008e-18,20.108373467329304,0.2102426546875807,2459046.6072441554,g,g,51.97724415548146,True,36
229,,,,,,,4.160508091832432e-17,5.623656997061201e-18,20.13165826663705,0.1467549905960732,2459047.6072441554,g,g,52.97724415548146,True,36
230,,,,,,,4.061438673709728e-17,2.040371539401696e-18,20.15782451319824,0.0545433776407069,2459048.6072441554,g,g,53.97724415548146,True,36
231,,,,,,,3.932580091644769e-17,2.5828953429533027e-18,20.19283061363257,0.0713125974613113,2459049.6072441554,g,g,54.97724415548146,True,36
232,,,,,,,3.7719883374050804e-17,4.670686774270106e-18,20.238098763828518,0.1344429937736664,2459050.6072441554,g,g,55.97724415548146,True,36
233,,,,,,,3.640345803832086e-17,5.177930307635005e-18,20.27666770077183,0.1544322346912616,2459051.6072441554,g,g,56.97724415548146,True,36
234,,,,,,,3.546391194505268e-17,4.794778979011379e-18,20.30505762268085,0.1467930726930754,2459052.6072441554,g,g,57.97724415548146,True,36
235,,,,,,,3.4655817077818666e-17,4.294050850179782e-18,20.330083769447445,0.1345287760409941,2459053.6072441554,g,g,58.97724415548146,True,36
236,,,,,,,3.4298545586063386e-17,4.4572531604100626e-18,20.34133473908249,0.1410963922292152,2459054.6072441554,g,g,59.97724415548146,True,36
237,,,,,,,3.456340848295822e-17,4.828520675640728e-18,20.332982670410225,0.1516777242611927,2459055.6072441554,g,g,60.97724415548146,True,36
238,,,,,,,3.521049498345903e-17,4.860302274529341e-18,20.312843852006555,0.1498701932634103,2459056.6072441554,g,g,61.97724415548146,True,36
239,,,,,,,3.6033444367693656e-17,6.211778429118242e-18,20.287759735070598,0.1871679446376456,2459057.6072441554,g,g,62.97724415548146,True,36
240,,,,,,,3.664878214834581e-17,1.066823204498854e-17,20.26937515869613,0.3160500600918118,2459058.6072441554,g,g,63.97724415548146,True,36
241,,,,,,,3.662784327456337e-17,1.6940574983592857e-17,20.269995686138166,0.5021604770090639,2459059.6072441554,g,g,64.97724415548146,True,36
242,,,,,,,3.5817861790909454e-17,2.312122828706314e-17,20.294275286393965,0.7008713609695356,2459060.6072441554,g,g,65.97724415548146,True,36
243,,,,,,,3.4296569823892946e-17,2.782497404964091e-17,20.341398326441453,0.8808687934755057,2459061.6072441554,g,g,66.97724415548146,True,36
244,,,,,,,3.2292166713523527e-17,3.019385800988297e-17,20.40678266494351,1.0151907333831074,2459062.6072441554,g,g,67.97724415548146,True,36
245,,,,,,,3.0111926348418424e-17,2.9848115364581824e-17,20.482679519798417,1.076224577187723,2459063.6072441554,g,g,68.97724415548146,True,36
246,,,,,,,2.808382652340163e-17,2.685106270944248e-17,20.55838484940065,1.0380725569327278,2459064.6072441554,g,g,69.97724415548146,True,36
247,,,,,,,2.650108038931618e-17,2.1697555939599602e-17,20.62136586623628,0.8889316748990684,2459065.6072441554,g,g,70.97724415548146,True,36
248,,,,,,,2.557905930409936e-17,1.534387086310502e-17,20.659812726395383,0.651286849583333,2459066.6072441554,g,g,71.97724415548146,True,36
249,,,,,,,2.54028126924373e-17,9.26066289324591e-18,20.66731950786743,0.3958092218250437,2459067.6072441554,g,g,72.97724415548146,True,36
250,,,,,,,2.5824835775784138e-17,5.356073222383716e-18,20.64943027173386,0.2251832240323304,2459068.6072441554,g,g,73.97724415548146,True,36
251,,,,,,,2.643072211951927e-17,4.6033340634472525e-18,20.624251613569243,0.1890982160637583,2459069.6072441554,g,g,74.97724415548146,True,36
252,,,,,,,2.7081139250065047e-17,5.210495371240284e-18,20.597856985916383,0.2088985600469054,2459070.6072441554,g,g,75.97724415548146,True,36
253,,,,,,,2.8053539566374505e-17,5.875975131221998e-18,20.559555415296305,0.2274134715970609,2459071.6072441554,g,g,76.97724415548146,True,36
254,,,,,,,2.9071314496658444e-17,5.957790376871196e-18,20.52086258506464,0.2225079479007378,2459072.6072441554,g,g,77.97724415548146,True,36
255,,,,,,,2.9547078557237465e-17,5.41023143098822e-18,20.50323764321191,0.1988043169096751,2459073.6072441554,g,g,78.97724415548146,True,36
256,,,,,,,2.9545094714552416e-17,4.922119863062346e-18,20.503310543902337,0.1808802210755458,2459074.6072441554,g,g,79.97724415548146,True,36
257,,,,,,,2.925121082178689e-17,5.173772890871026e-18,20.5141644761668,0.1920385743539108,2459075.6072441554,g,g,80.97724415548146,True,36
258,,,,,,,2.859527112605279e-17,5.7282599084259786e-18,20.538788804787405,0.2174971253221597,2459076.6072441554,g,g,81.97724415548146,True,36
259,,,,,,,2.7526775647974562e-17,5.625033681140504e-18,20.580136373821155,0.2218675014249432,2459077.6072441554,g,g,82.97724415548146,True,36
260,,,,,,,2.6322200832132373e-17,5.249613111156195e-18,20.628719076517463,0.2165356817298072,2459078.6072441554,g,g,83.97724415548146,True,36
261,,,,,,,2.5612776385263136e-17,5.238230115659971e-18,20.658382392371383,0.2220507940561011,2459079.6072441554,g,g,84.97724415548146,True,36
262,,,,,,,2.571349245758901e-17,5.371796345146771e-18,20.654121440756555,0.2268207194066903,2459080.6072441554,g,g,85.97724415548146,True,36
263,,,,,,,2.6236201229735928e-17,5.743523962879174e-18,20.63227172835899,0.2376846918113992,2459081.6072441554,g,g,86.97724415548146,True,36
264,,,,,,,2.638602232996749e-17,6.860240154488299e-18,20.626089245256008,0.2822867286862582,2459082.6072441554,g,g,87.97724415548146,True,36
265,,,,,,,2.5534941667907508e-17,7.752618902815378e-18,20.661688002945265,0.3296394783560782,2459083.6072441554,g,g,88.97724415548146,True,36
266,,,,,,,2.3703221203193522e-17,7.272963877810321e-18,20.74250865440791,0.3331402938368463,2459084.6072441554,g,g,89.97724415548146,True,36
267,,,,,,,8.982271721006273e-17,2.557988284965932e-18,18.755793915349575,0.0309305184088778,2458996.6072441554,r,r,1.9772441554814577,True,36
268,,,,,,,1.3913338501852015e-16,1.9009860967565372e-18,18.280653444061446,0.0148353200299505,2458997.6072441554,r,r,2.9772441554814577,True,36
269,,,,,,,1.959409008251309e-16,2.6870929006476445e-18,17.908893396285126,0.0148893559624855,2458998.6072441554,r,r,3.9772441554814577,True,36
270,,,,,,,2.4937886978852713e-16,3.4559916414054734e-18,17.64704015900789,0.0150465166402437,2458999.6072441554,r,r,4.977244155481458,True,36
271,,,,,,,2.905939544500533e-16,4.7957927513217484e-18,17.480964146187514,0.0179179342254328,2459000.6072441554,r,r,5.977244155481458,True,36
272,,,,,,,3.159669872632638e-16,6.968139655997719e-18,17.390072825511126,0.0239439430375667,2459001.6072441554,r,r,6.977244155481458,True,36
273,,,,,,,3.285537562599589e-16,8.663263051428024e-18,17.3476601430585,0.0286284908552287,2459002.6072441554,r,r,7.977244155481458,True,36
274,,,,,,,3.3550802345218703e-16,9.71612669195325e-18,17.324918848772743,0.0314422979459672,2459003.6072441554,r,r,8.977244155481458,True,36
275,,,,,,,3.4193051802486823e-16,1.0034678585977369e-17,17.304331482625667,0.031863256096731,2459004.6072441554,r,r,9.977244155481458,True,36
276,,,,,,,3.487477394826271e-16,9.407975106130477e-18,17.2828976226617,0.0292893544708053,2459005.6072441554,r,r,10.977244155481458,True,36
277,,,,,,,3.5414756179332493e-16,8.058397148816975e-18,17.266215398108862,0.0247052553559545,2459006.6072441554,r,r,11.977244155481458,True,36
278,,,,,,,3.555989739051278e-16,6.608738791216692e-18,17.26177475841837,0.020178190908291,2459007.6072441554,r,r,12.977244155481458,True,36
279,,,,,,,3.513266234892597e-16,6.175590991060704e-18,17.27489851814076,0.0190849902341083,2459008.6072441554,r,r,13.977244155481458,True,36
280,,,,,,,3.410084432999349e-16,5.959757831002366e-18,17.30726372497012,0.0189752248299056,2459009.6072441554,r,r,14.977244155481458,True,36
281,,,,,,,3.256480797967037e-16,5.098863960902763e-18,17.357305755731947,0.0169999662392709,2459010.6072441554,r,r,15.977244155481458,True,36
282,,,,,,,3.069219652145076e-16,5.071899424215216e-18,17.421607573247815,0.0179419600579366,2459011.6072441554,r,r,16.977244155481458,True,36
283,,,,,,,2.8745160247627286e-16,5.2177947071341904e-18,17.49276573195887,0.0197081634345354,2459012.6072441554,r,r,17.977244155481458,True,36
284,,,,,,,2.694848077563724e-16,4.416754928990374e-18,17.562841780645662,0.0177947148632673,2459013.6072441554,r,r,18.977244155481458,True,36
285,,,,,,,2.5210652168017453e-16,4.199715421345062e-18,17.635217647113656,0.0180868950344078,2459014.6072441554,r,r,19.977244155481458,True,36
286,,,,,,,2.3356559144675653e-16,4.7395164124475496e-18,17.718156295650807,0.0220319328332242,2459015.6072441554,r,r,20.977244155481458,True,36
287,,,,,,,2.1460970816544959e-16,4.2827439869302454e-18,17.810055240636714,0.0216666287776335,2459016.6072441554,r,r,21.977244155481458,True,36
288,,,,,,,1.9778829345436046e-16,2.5138019488935525e-18,17.89867658827478,0.0137988584088062,2459017.6072441554,r,r,22.977244155481458,True,36
289,,,,,,,1.8488799603360096e-16,2.8605791472466883e-18,17.971905476254594,0.0167989395745402,2459018.6072441554,r,r,23.977244155481458,True,36
290,,,,,,,1.7501836268230638e-16,4.325786714534449e-18,18.03146797896293,0.0268354471316678,2459019.6072441554,r,r,24.977244155481458,True,36
291,,,,,,,1.656063500848561e-16,4.0585323895876e-18,18.091484781657783,0.026607978814128,2459020.6072441554,r,r,25.977244155481458,True,36
292,,,,,,,1.5617088242623455e-16,2.2352643578625405e-18,18.155176986325746,0.0155396546942506,2459021.6072441554,r,r,26.977244155481458,True,36
293,,,,,,,1.4856297124595226e-16,2.6889273830871227e-18,18.20940019319608,0.0196518845136297,2459022.6072441554,r,r,27.977244155481458,True,36
294,,,,,,,1.4337143816354898e-16,4.976068777650788e-18,18.248019708583296,0.0376835171436887,2459023.6072441554,r,r,28.977244155481458,True,36
295,,,,,,,1.3962237957642735e-16,6.189621369815794e-18,18.276788647214687,0.0481320274900337,2459024.6072441554,r,r,29.977244155481458,True,36
296,,,,,,,1.355521440763174e-16,6.232599600785162e-18,18.3089105485548,0.0499214253963714,2459025.6072441554,r,r,30.977244155481458,True,36
297,,,,,,,1.288975502754477e-16,5.928441421143908e-18,18.363565961412327,0.0499368737817686,2459026.6072441554,r,r,31.977244155481458,True,36
298,,,,,,,1.1891429960383534e-16,6.414229731090275e-18,18.451094100084184,0.0585655976133194,2459027.6072441554,r,r,32.97724415548146,True,36
299,,,,,,,1.0730302978353883e-16,8.234136220846201e-18,18.562650287701192,0.0833189387988433,2459028.6072441554,r,r,33.97724415548146,True,36
300,,,,,,,9.64097201076363e-17,1.1417640280995233e-17,18.678877800797636,0.1285857847434871,2459029.6072441554,r,r,34.97724415548146,True,36
301,,,,,,,8.760496835868662e-17,1.546185268654717e-17,18.7828568308754,0.1916311443553024,2459030.6072441554,r,r,35.97724415548146,True,36
302,,,,,,,8.120123490888122e-17,1.960730575147504e-17,18.86527091821149,0.2621709681801014,2459031.6072441554,r,r,36.97724415548146,True,36
303,,,,,,,7.682248047793332e-17,2.31519934847317e-17,18.92545595669764,0.3272100954718677,2459032.6072441554,r,r,37.97724415548146,True,36
304,,,,,,,7.379359600833185e-17,2.5281302375001866e-17,18.96912975507295,0.3719682555671992,2459033.6072441554,r,r,38.97724415548146,True,36
305,,,,,,,7.14294402346712e-17,2.536257197776085e-17,19.00448323779969,0.3855140788273879,2459034.6072441554,r,r,39.97724415548146,True,36
306,,,,,,,6.920064403385909e-17,2.325068875621553e-17,19.03890105184768,0.3647951017231453,2459035.6072441554,r,r,40.97724415548146,True,36
307,,,,,,,6.691621978747517e-17,1.929523510332676e-17,19.07534791098564,0.3130696241705538,2459036.6072441554,r,r,41.97724415548146,True,36
308,,,,,,,6.48906935183612e-17,1.4234941214325195e-17,19.10872019999791,0.2381743723093832,2459037.6072441554,r,r,42.97724415548146,True,36
309,,,,,,,6.369278547163942e-17,9.478678023304241e-18,19.128950427481875,0.1615774597923925,2459038.6072441554,r,r,43.97724415548146,True,36
310,,,,,,,6.351154199682388e-17,7.206881999585732e-18,19.13204436004616,0.1232023923311287,2459039.6072441554,r,r,44.97724415548146,True,36
311,,,,,,,6.369567308296505e-17,7.34168561618018e-18,19.128901172381124,0.1251440333231221,2459040.6072441554,r,r,45.97724415548146,True,36
312,,,,,,,6.3583367097232e-17,8.039638117551704e-18,19.130817204090967,0.1372832382852176,2459041.6072441554,r,r,46.97724415548146,True,36
313,,,,,,,6.304493647028211e-17,9.70846210616138e-18,19.14005052975201,0.1671958390114754,2459042.6072441554,r,r,47.97724415548146,True,36
314,,,,,,,6.19630715973476e-17,1.2075611859556393e-17,19.158843858884524,0.2115933104451004,2459043.6072441554,r,r,48.97724415548146,True,36
315,,,,,,,6.011909555212172e-17,1.369632946365838e-17,19.19164543760122,0.2473529913483418,2459044.6072441554,r,r,49.97724415548146,True,36
316,,,,,,,5.751132306195402e-17,1.363242571241689e-17,19.239793519148225,0.2573614882360205,2459045.6072441554,r,r,50.97724415548146,True,36
317,,,,,,,5.4640586013109296e-17,1.144248403679957e-17,19.29538852383232,0.2273661280838227,2459046.6072441554,r,r,51.97724415548146,True,36
318,,,,,,,5.232970745363501e-17,7.333013020363941e-18,19.34230563382115,0.1521431688807709,2459047.6072441554,r,r,52.97724415548146,True,36
319,,,,,,,5.116207945903785e-17,2.600142800641407e-18,19.366805570873787,0.0551783673337166,2459048.6072441554,r,r,53.97724415548146,True,36
320,,,,,,,5.0978261340986e-17,2.7312219624847184e-18,19.37071345319722,0.0581695460790389,2459049.6072441554,r,r,54.97724415548146,True,36
321,,,,,,,5.1174399228590606e-17,4.779492512149831e-18,19.366544128084904,0.1014035077419783,2459050.6072441554,r,r,55.97724415548146,True,36
322,,,,,,,5.1461673291311455e-17,5.491188180008022e-18,19.360466247598364,0.1158528392125364,2459051.6072441554,r,r,56.97724415548146,True,36
323,,,,,,,5.138358922403778e-17,5.6049890151173504e-18,19.362114941713024,0.1184335180875315,2459052.6072441554,r,r,57.97724415548146,True,36
324,,,,,,,5.052372852909352e-17,5.440009755435857e-18,19.38043772710056,0.1169037861924031,2459053.6072441554,r,r,58.97724415548146,True,36
325,,,,,,,4.918795510114622e-17,5.445292944960603e-18,19.409529378348385,0.1201952575298598,2459054.6072441554,r,r,59.97724415548146,True,36
326,,,,,,,4.781230714843472e-17,5.7006466958905786e-18,19.440327019289352,0.1294521818494255,2459055.6072441554,r,r,60.97724415548146,True,36
327,,,,,,,4.6633949574768754e-17,6.1291584088129224e-18,19.46742066948392,0.1426999715190105,2459056.6072441554,r,r,61.97724415548146,True,36
328,,,,,,,4.5799578147391227e-17,7.645066342208553e-18,19.487022390338712,0.181236516341591,2459057.6072441554,r,r,62.97724415548146,True,36
329,,,,,,,4.506827045374978e-17,1.132384385875432e-17,19.50449890206322,0.2728033706566137,2459058.6072441554,r,r,63.97724415548146,True,36
330,,,,,,,4.400167312245906e-17,1.6507999294520865e-17,19.53050337013596,0.4073360034275792,2459059.6072441554,r,r,64.97724415548146,True,36
331,,,,,,,4.238131654749497e-17,2.16399759677285e-17,19.571240643933542,0.5543831999660642,2459060.6072441554,r,r,65.97724415548146,True,36
332,,,,,,,4.0259024470458915e-17,2.5412271703584448e-17,19.627019085495725,0.6853419365896845,2459061.6072441554,r,r,66.97724415548146,True,36
333,,,,,,,3.789403230045637e-17,2.7054727483268722e-17,19.692750375300445,0.7751719712894795,2459062.6072441554,r,r,67.97724415548146,True,36
334,,,,,,,3.56372194494071e-17,2.6396487829500377e-17,19.759417700264777,0.8042044319646023,2459063.6072441554,r,r,68.97724415548146,True,36
335,,,,,,,3.3821867297602466e-17,2.370372203318024e-17,19.816182748683985,0.7609250376400046,2459064.6072441554,r,r,69.97724415548146,True,36
336,,,,,,,3.266259493037845e-17,1.94046725212434e-17,19.85404948758851,0.6450276949863107,2459065.6072441554,r,r,70.97724415548146,True,36
337,,,,,,,3.2236865147690685e-17,1.4151164836128124e-17,19.868293994024476,0.4766105011121399,2459066.6072441554,r,r,71.97724415548146,True,36
338,,,,,,,3.251786215596981e-17,9.246454151679708e-18,19.858871170345004,0.3087308730090551,2459067.6072441554,r,r,72.97724415548146,True,36
339,,,,,,,3.337234628739541e-17,6.632393514111325e-18,19.830709525941717,0.2157792225166258,2459068.6072441554,r,r,73.97724415548146,True,36
340,,,,,,,3.454801664640265e-17,6.3194467720615494e-18,19.793118672727605,0.1986005895423629,2459069.6072441554,r,r,74.97724415548146,True,36
341,,,,,,,3.5789211693478426e-17,6.240363413804095e-18,19.75479608009567,0.1893140544261242,2459070.6072441554,r,r,75.97724415548146,True,36
342,,,,,,,3.685892680152608e-17,5.936270086078272e-18,19.72281945673429,0.1748620448394911,2459071.6072441554,r,r,76.97724415548146,True,36
343,,,,,,,3.7240953512300657e-17,6.2707036393043016e-18,19.711624027482102,0.1828184429228731,2459072.6072441554,r,r,77.97724415548146,True,36
344,,,,,,,3.664053875730732e-17,7.438134285832128e-18,19.72927165530789,0.2204083268081073,2459073.6072441554,r,r,78.97724415548146,True,36
345,,,,,,,3.545048865074277e-17,8.193367725462931e-18,19.765120935810423,0.2509372331863126,2459074.6072441554,r,r,79.97724415548146,True,36
346,,,,,,,3.4120833293319e-17,7.808718285792614e-18,19.80662747514562,0.248475545924198,2459075.6072441554,r,r,80.97724415548146,True,36
347,,,,,,,3.2838571874455476e-17,6.85467315038393e-18,19.848215861073857,0.2266343312616197,2459076.6072441554,r,r,81.97724415548146,True,36
348,,,,,,,3.167267497290503e-17,6.068960021513625e-18,19.88746453208604,0.2080431306771178,2459077.6072441554,r,r,82.97724415548146,True,36
349,,,,,,,3.0860478496485315e-17,5.9234127454407044e-18,19.91566944818,0.2083981729137272,2459078.6072441554,r,r,83.97724415548146,True,36
350,,,,,,,3.074751134521524e-17,6.255076233622703e-18,19.91965111860337,0.2208751456754999,2459079.6072441554,r,r,84.97724415548146,True,36
351,,,,,,,3.147099131748044e-17,6.291913841186761e-18,19.894400435963306,0.2170688402804416,2459080.6072441554,r,r,85.97724415548146,True,36
352,,,,,,,3.2902525167761943e-17,6.079912323705398e-18,19.846103829079155,0.2006285310926321,2459081.6072441554,r,r,86.97724415548146,True,36
353,,,,,,,3.4455881920634665e-17,7.116914196535937e-18,19.79601807556236,0.224259044417445,2459082.6072441554,r,r,87.97724415548146,True,36
354,,,,,,,3.527567310760245e-17,9.537591425180037e-18,19.770487739634014,0.2935535142964791,2459083.6072441554,r,r,88.97724415548146,True,36
355,,,,,,,3.498618929124201e-17,1.144340570925397e-17,19.779434599141908,0.3551270649703177,2459084.6072441554,r,r,89.97724415548146,True,36
356,,,,,,,5.117173848326426e-17,2.5215672300014616e-18,18.939757958512303,0.0535287819936585,2458996.6072441554,i,i,1.9772441554814577,True,36
357,,,,,,,7.914599026526345e-17,1.1643970818243126e-18,18.46624061172134,0.015975083321531,2458997.6072441554,i,i,2.9772441554814577,True,36
358,,,,,,,1.1343237421467415e-16,1.680364049241431e-18,18.075446293213407,0.0160835482717369,2458998.6072441554,i,i,3.9772441554814577,True,36
359,,,,,,,1.4687412038962763e-16,1.8504190930322094e-18,17.794905392028024,0.0136793614215445,2458999.6072441554,i,i,4.977244155481458,True,36
360,,,,,,,1.7113693675348524e-16,2.4825462582730858e-18,17.62889840478019,0.0157494267230983,2459000.6072441554,i,i,5.977244155481458,True,36
361,,,,,,,1.83214683329754e-16,3.325078847585446e-18,17.55485376273273,0.0197045686911378,2459001.6072441554,i,i,6.977244155481458,True,36
362,,,,,,,1.8692003314580136e-16,2.298197717439165e-18,17.533114407375884,0.0133492652150374,2459002.6072441554,i,i,7.977244155481458,True,36
363,,,,,,,1.887673124245252e-16,3.0494546055145088e-18,17.52243708885015,0.0175394605560336,2459003.6072441554,i,i,8.977244155481458,True,36
364,,,,,,,1.9237506155356848e-16,5.568565327210291e-18,17.501882280399485,0.0314279873972997,2459004.6072441554,i,i,9.977244155481458,True,36
365,,,,,,,1.9725027306206687e-16,6.882787839709145e-18,17.47471017524977,0.0378852945625115,2459005.6072441554,i,i,10.977244155481458,True,36
366,,,,,,,2.010874674672086e-16,6.969907597798871e-18,17.453791544174752,0.0376328049134518,2459006.6072441554,i,i,11.977244155481458,True,36
367,,,,,,,2.021358203968651e-16,6.409097488442886e-18,17.448145800690632,0.0344253080557708,2459007.6072441554,i,i,12.977244155481458,True,36
368,,,,,,,2.0005702665770635e-16,6.0483227172174334e-18,17.459369591863098,0.0328250407812598,2459008.6072441554,i,i,13.977244155481458,True,36
369,,,,,,,1.9557715775867115e-16,5.277792317397043e-18,17.483958942808187,0.0292992518739041,2459009.6072441554,i,i,14.977244155481458,True,36
370,,,,,,,1.8998078452108862e-16,3.594519035563909e-18,17.515480143961096,0.0205424633276949,2459010.6072441554,i,i,15.977244155481458,True,36
371,,,,,,,1.8425130182355335e-16,3.6389813234605825e-18,17.548727935942548,0.0214435470327189,2459011.6072441554,i,i,16.977244155481458,True,36
372,,,,,,,1.7847512166656015e-16,4.2685603481657836e-18,17.58331019791283,0.0259673521288023,2459012.6072441554,i,i,17.977244155481458,True,36
373,,,,,,,1.7195274046464784e-16,3.354444067083572e-18,17.62373191586436,0.0211803203026237,2459013.6072441554,i,i,18.977244155481458,True,36
374,,,,,,,1.63548004472704e-16,3.4131458484776814e-18,17.67814217183276,0.0226590210908057,2459014.6072441554,i,i,19.977244155481458,True,36
375,,,,,,,1.5280660445909936e-16,4.545351562209192e-18,17.751900840749716,0.0322964057049728,2459015.6072441554,i,i,20.977244155481458,True,36
376,,,,,,,1.4087324063949243e-16,4.2187025385549166e-18,17.840185275096164,0.0325138527006528,2459016.6072441554,i,i,21.977244155481458,True,36
377,,,,,,,1.3008138836731848e-16,2.188840209444163e-18,17.926717995594554,0.0182686346746932,2459017.6072441554,i,i,22.977244155481458,True,36
378,,,,,,,1.2204159534127778e-16,2.651371088302584e-18,17.995985384626195,0.0235885641843191,2459018.6072441554,i,i,23.977244155481458,True,36
379,,,,,,,1.160944422299143e-16,4.392290579717648e-18,18.05022625291777,0.0410777866615488,2459019.6072441554,i,i,24.977244155481458,True,36
380,,,,,,,1.1053840953975851e-16,4.1660588091912446e-18,18.10347190883086,0.0409196802832556,2459020.6072441554,i,i,25.977244155481458,True,36
381,,,,,,,1.0524717429881184e-16,1.991000509161611e-18,18.156728593035407,0.0205385785841549,2459021.6072441554,i,i,26.977244155481458,True,36
382,,,,,,,1.0159088367494604e-16,2.739208763172335e-18,18.195117371108317,0.0292754433995745,2459022.6072441554,i,i,27.977244155481458,True,36
383,,,,,,,9.990365501263456e-17,5.7883543199554736e-18,18.213300592794116,0.0629070416819397,2459023.6072441554,i,i,28.977244155481458,True,36
384,,,,,,,9.899997380447703e-17,7.206882909592607e-18,18.223166348709302,0.0790381660050642,2459024.6072441554,i,i,29.977244155481458,True,36
385,,,,,,,9.711190399864704e-17,6.58590423859635e-18,18.244073187196992,0.0736318432541669,2459025.6072441554,i,i,30.977244155481458,True,36
386,,,,,,,9.291779943157388e-17,5.57343580918199e-18,18.29200795220064,0.065125332397985,2459026.6072441554,i,i,31.977244155481458,True,36
387,,,,,,,8.699201064203398e-17,7.390292706607535e-18,18.363557416048764,0.0922395913067133,2459027.6072441554,i,i,32.97724415548146,True,36
388,,,,,,,8.119065026089711e-17,1.0907353063370205e-17,18.438490413873243,0.1458627823262128,2459028.6072441554,i,i,33.97724415548146,True,36
389,,,,,,,7.685046858077283e-17,1.3628537242994737e-17,18.49813840357661,0.1925437396610507,2459029.6072441554,i,i,34.97724415548146,True,36
390,,,,,,,7.421792172084383e-17,1.4851772998027064e-17,18.535982259104664,0.217267258098455,2459030.6072441554,i,i,35.97724415548146,True,36
391,,,,,,,7.274729892510485e-17,1.5132138765543572e-17,18.55771191224366,0.2258436586538681,2459031.6072441554,i,i,36.97724415548146,True,36
392,,,,,,,7.154638886854762e-17,1.550677296944038e-17,18.57578484188548,0.2353197321858882,2459032.6072441554,i,i,37.97724415548146,True,36
393,,,,,,,6.976639785133001e-17,1.598362265614368e-17,18.60313866197697,0.2487446164123399,2459033.6072441554,i,i,38.97724415548146,True,36
394,,,,,,,6.68167236074539e-17,1.571349773913538e-17,18.65004218761165,0.2553359665968869,2459034.6072441554,i,i,39.97724415548146,True,36
395,,,,,,,6.247313686448055e-17,1.429851940464626e-17,18.72302309933932,0.2484967219059522,2459035.6072441554,i,i,40.97724415548146,True,36
396,,,,,,,5.707254984867674e-17,1.1813027078476129e-17,18.82118936456815,0.2247260851166987,2459036.6072441554,i,i,41.97724415548146,True,36
397,,,,,,,5.17167641504353e-17,8.096954520388519e-18,18.928178754601387,0.1699817659566704,2459037.6072441554,i,i,42.97724415548146,True,36
398,,,,,,,4.7848784654766587e-17,3.509178778643815e-18,19.012577845707128,0.0796237483205372,2459038.6072441554,i,i,43.97724415548146,True,36
399,,,,,,,4.6235374581493945e-17,4.3164792716459864e-18,19.04981810145257,0.1013639014210203,2459039.6072441554,i,i,44.97724415548146,True,36
400,,,,,,,4.613628711612077e-17,8.70553374720478e-18,19.052147403865725,0.204869143946727,2459040.6072441554,i,i,45.97724415548146,True,36
401,,,,,,,4.6269898889041737e-17,1.1559669529245992e-17,19.04900762470897,0.2712509440496702,2459041.6072441554,i,i,46.97724415548146,True,36
402,,,,,,,4.587328128629816e-17,1.260259258369562e-17,19.058354606578817,0.2982803538828564,2459042.6072441554,i,i,47.97724415548146,True,36
403,,,,,,,4.461886286925058e-17,1.2728308873179517e-17,19.088458315990668,0.3097255774931007,2459043.6072441554,i,i,48.97724415548146,True,36
404,,,,,,,4.25041826513371e-17,1.2985165930773336e-17,19.14117608531386,0.3316970388704017,2459044.6072441554,i,i,49.97724415548146,True,36
405,,,,,,,3.9837747631367955e-17,1.296027399772018e-17,19.211518820045814,0.3532189670632825,2459045.6072441554,i,i,50.97724415548146,True,36
406,,,,,,,3.720719642457682e-17,1.1330791585351328e-17,19.28568808711812,0.330639106987192,2459046.6072441554,i,i,51.97724415548146,True,36
407,,,,,,,3.5300974867924376e-17,7.590361737774758e-18,19.34278774227517,0.2334499764046093,2459047.6072441554,i,i,52.97724415548146,True,36
408,,,,,,,3.461316599579084e-17,2.5322662283473616e-18,19.36415068729691,0.0794314903082122,2459048.6072441554,i,i,53.97724415548146,True,36
409,,,,,,,3.511817599316883e-17,3.4366530234979525e-18,19.348424388024146,0.1062473108587361,2459049.6072441554,i,i,54.97724415548146,True,36
410,,,,,,,3.620157273984744e-17,7.36739079973197e-18,19.315435759618875,0.2209566187210375,2459050.6072441554,i,i,55.97724415548146,True,36
411,,,,,,,3.7207758570148e-17,9.924701288993372e-18,19.28567037570628,0.2896057495539541,2459051.6072441554,i,i,56.97724415548146,True,36
412,,,,,,,3.756792762140341e-17,1.1676011459515077e-17,19.275210909504,0.3374440243422998,2459052.6072441554,i,i,57.97724415548146,True,36
413,,,,,,,3.700058727289801e-17,1.2765835326168117e-17,19.29173272638139,0.3745980813994565,2459053.6072441554,i,i,58.97724415548146,True,36
414,,,,,,,3.576604092424368e-17,1.3027114349634944e-17,19.32857740016705,0.3954595416210839,2459054.6072441554,i,i,59.97724415548146,True,36
415,,,,,,,3.43439920937218e-17,1.2916582189494015e-17,19.372627627478305,0.4083397460582699,2459055.6072441554,i,i,60.97724415548146,True,36
416,,,,,,,3.315718231244333e-17,1.3284145999068689e-17,19.410810258463403,0.4349917505477367,2459056.6072441554,i,i,61.97724415548146,True,36
417,,,,,,,3.2406706541830384e-17,1.3984517879357402e-17,19.435666866094863,0.4685297840110758,2459057.6072441554,i,i,62.97724415548146,True,36
418,,,,,,,3.189733199826221e-17,1.4266160458751348e-17,19.452868204301307,0.4855982859561777,2459058.6072441554,i,i,63.97724415548146,True,36
419,,,,,,,3.1241022444250976e-17,1.4199980306333738e-17,19.475441174297323,0.4934998655869324,2459059.6072441554,i,i,64.97724415548146,True,36
420,,,,,,,3.0185601062826727e-17,1.435171376518607e-17,19.51275509944876,0.5162130929958562,2459060.6072441554,i,i,65.97724415548146,True,36
421,,,,,,,2.8744296594951546e-17,1.4427619177228246e-17,19.56587587810483,0.544964057478003,2459061.6072441554,i,i,66.97724415548146,True,36
422,,,,,,,2.716595508714303e-17,1.3750451118343265e-17,19.62719270390031,0.5495610719786991,2459062.6072441554,i,i,67.97724415548146,True,36
423,,,,,,,2.579846427226639e-17,1.2766083756932796e-17,19.683270061358584,0.5372644234039166,2459063.6072441554,i,i,68.97724415548146,True,36
424,,,,,,,2.494802188180546e-17,1.272360579150156e-17,19.71966385694955,0.5537309456704196,2459064.6072441554,i,i,69.97724415548146,True,36
425,,,,,,,2.474660440637756e-17,1.344051135631534e-17,19.728464972774795,0.5896909001239072,2459065.6072441554,i,i,70.97724415548146,True,36
426,,,,,,,2.5150107427016785e-17,1.3801937267543809e-17,19.71090466025677,0.5958331952674706,2459066.6072441554,i,i,71.97724415548146,True,36
427,,,,,,,2.602971294322871e-17,1.3909139490135258e-17,19.67358118129415,0.5801701932195836,2459067.6072441554,i,i,72.97724415548146,True,36
428,,,,,,,2.7236971298380777e-17,1.4592245015633765e-17,19.62435783641441,0.5816843062738031,2459068.6072441554,i,i,73.97724415548146,True,36
429,,,,,,,2.8617201333270027e-17,1.549645226243085e-17,19.570686958356536,0.5879353959402153,2459069.6072441554,i,i,74.97724415548146,True,36
430,,,,,,,2.9901480441193e-17,1.553264591510702e-17,19.523022751554777,0.5639984214856966,2459070.6072441554,i,i,75.97724415548146,True,36
431,,,,,,,3.0679215669389e-17,1.4476749734968968e-17,19.495143410932403,0.5123319615875982,2459071.6072441554,i,i,76.97724415548146,True,36
432,,,,,,,3.0534335460234027e-17,1.3595421816556189e-17,19.500283017289608,0.4834245687294861,2459072.6072441554,i,i,77.97724415548146,True,36
433,,,,,,,2.941430609413677e-17,1.482916656252067e-17,19.54085847244508,0.5473761050659084,2459073.6072441554,i,i,78.97724415548146,True,36
434,,,,,,,2.7670114248803933e-17,1.783648874131932e-17,19.60722839253092,0.6998868346033257,2459074.6072441554,i,i,79.97724415548146,True,36
435,,,,,,,2.5695424555978705e-17,2.0704698141179356e-17,19.687616683232623,0.8748662432010064,2459075.6072441554,i,i,80.97724415548146,True,36
436,,,,,,,2.3781438860340438e-17,2.226255280324359e-17,19.77166078648693,1.0163972230387162,2459076.6072441554,i,i,81.97724415548146,True,36
437,,,,,,,2.2130929757262138e-17,2.2032184620666717e-17,19.84975636038357,1.0808921550101849,2459077.6072441554,i,i,82.97724415548146,True,36
438,,,,,,,2.0988697894132476e-17,2.0004490992654347e-17,19.90729075718369,1.0348208945299942,2459078.6072441554,i,i,83.97724415548146,True,36
439,,,,,,,2.0564100439080528e-17,1.678955312392059e-17,19.92947970921924,0.8864490517900194,2459079.6072441554,i,i,84.97724415548146,True,36
440,,,,,,,2.0997091876932332e-17,1.4247870252509758e-17,19.90685689676154,0.7367439905162334,2459080.6072441554,i,i,85.97724415548146,True,36
441,,,,,,,2.242824433987935e-17,1.5549250421518738e-17,19.83526852773294,0.7527215780841403,2459081.6072441554,i,i,86.97724415548146,True,36
442,,,,,,,2.4650600860258278e-17,2.0918391338818866e-17,19.73268874922446,0.921337936815014,2459082.6072441554,i,i,87.97724415548146,True,36
443,,,,,,,2.7054490855382204e-17,2.778056826095862e-17,19.63165818519584,1.1148643878509994,2459083.6072441554,i,i,88.97724415548146,True,36
444,,,,,,,2.916775883905261e-17,3.442342645579595e-17,19.54999787615196,1.2813659839200808,2459084.6072441554,i,i,89.97724415548146,True,36
445,,,,,7.232185669407122e+41,1.3264710475891843e+40,3.261165388362911e-13,5.981375018290913e-15,,,2458996.6072441554,Bolo,Bolo,1.9772441554814577,True,92
446,,,,,1.1274684260390863e+42,1.0854392372833767e+40,5.084024630374409e-13,4.894504972090637e-15,,,2458997.6072441554,Bolo,Bolo,2.9772441554814577,True,92
447,,,,,1.5864782811516146e+42,1.2730223973627999e+40,7.153809783626946e-13,5.7403622786563084e-15,,,2458998.6072441554,Bolo,Bolo,3.9772441554814577,True,92
448,,,,,2.0133953681386636e+42,1.4477954084982778e+40,9.078880974307556e-13,6.528455561639884e-15,,,2458999.6072441554,Bolo,Bolo,4.977244155481458,True,92
449,,,,,2.3375425077249878e+42,1.9081787300263156e+40,1.0540537907186629e-12,8.604434003257888e-15,,,2459000.6072441554,Bolo,Bolo,5.977244155481458,True,92
450,,,,,2.5274234710345675e+42,2.522149839213924e+40,1.1396756557758092e-12,1.1372976491329218e-14,,,2459001.6072441554,Bolo,Bolo,6.977244155481458,True,92
451,,,,,2.6027186066394035e+42,3.1827836355458295e+40,1.173628032190213e-12,1.4351932189457763e-14,,,2459002.6072441554,Bolo,Bolo,7.977244155481458,True,92
452,,,,,2.6093071334290653e+42,3.4521445449438277e+40,1.1765989564044033e-12,1.5566544914933775e-14,,,2459003.6072441554,Bolo,Bolo,8.977244155481458,True,92
453,,,,,2.5878262458733766e+42,3.7424051422504264e+40,1.1669127107505793e-12,1.6875399328815853e-14,,,2459004.6072441554,Bolo,Bolo,9.977244155481458,True,92
454,,,,,2.553731036465561e+42,3.646192783664948e+40,1.151538365855084e-12,1.6441554806434497e-14,,,2459005.6072441554,Bolo,Bolo,10.977244155481458,True,92
455,,,,,2.5053451437166214e+42,3.270330283343557e+40,1.1297200102526555e-12,1.4746700950543165e-14,,,2459006.6072441554,Bolo,Bolo,11.977244155481458,True,92
456,,,,,2.4326174810620876e+42,2.632012563217516e+40,1.0969253687615268e-12,1.1868373774210552e-14,,,2459007.6072441554,Bolo,Bolo,12.977244155481458,True,92
457,,,,,2.334308905603968e+42,2.4846401709893046e+40,1.052595682229906e-12,1.1203836431415424e-14,,,2459008.6072441554,Bolo,Bolo,13.977244155481458,True,92
458,,,,,2.2064418787047328e+42,2.2608280551401583e+40,9.949373834115331e-13,1.0194614103522213e-14,,,2459009.6072441554,Bolo,Bolo,14.977244155481458,True,92
459,,,,,2.0556291278877088e+42,1.7875462531351045e+40,9.269323092098603e-13,8.060473330325736e-15,,,2459010.6072441554,Bolo,Bolo,15.977244155481458,True,92
460,,,,,1.888412633682426e+42,1.785463296673791e+40,8.515303950178064e-13,8.051080781755203e-15,,,2459011.6072441554,Bolo,Bolo,16.977244155481458,True,92
461,,,,,1.7282337201080927e+42,1.8374304403449516e+40,7.793018941506544e-13,8.28541305420965e-15,,,2459012.6072441554,Bolo,Bolo,17.977244155481458,True,92
462,,,,,1.5905509172274966e+42,1.6720314309181557e+40,7.172174273170197e-13,7.539589385586385e-15,,,2459013.6072441554,Bolo,Bolo,18.977244155481458,True,92
463,,,,,1.4713668304209768e+42,1.6302648489457575e+40,6.634744737336758e-13,7.351253884059131e-15,,,2459014.6072441554,Bolo,Bolo,19.977244155481458,True,92
464,,,,,1.3569257064770387e+42,1.9016775323199673e+40,6.118702354755188e-13,8.575118548826831e-15,,,2459015.6072441554,Bolo,Bolo,20.977244155481458,True,92
465,,,,,1.2489679310534678e+42,1.7194519871336076e+40,5.631894940358612e-13,7.753420008437953e-15,,,2459016.6072441554,Bolo,Bolo,21.977244155481458,True,92
466,,,,,1.1548451132757586e+42,1.079643505559913e+40,5.207472656939797e-13,4.868370632403062e-15,,,2459017.6072441554,Bolo,Bolo,22.977244155481458,True,92
467,,,,,1.0826230921285203e+42,1.1647274689716268e+40,4.881806300447745e-13,5.2520345609395635e-15,,,2459018.6072441554,Bolo,Bolo,23.977244155481458,True,92
468,,,,,1.0244455498967708e+42,1.7435478136307842e+40,4.619469856419821e-13,7.862073849708923e-15,,,2459019.6072441554,Bolo,Bolo,24.977244155481458,True,92
469,,,,,9.666167202376051e+41,1.7098506160597527e+40,4.3587058407339873e-13,7.710125131262252e-15,,,2459020.6072441554,Bolo,Bolo,25.977244155481458,True,92
470,,,,,9.058688908327351e+41,1.211633637466542e+40,4.084779357469932e-13,5.463545686605774e-15,,,2459021.6072441554,Bolo,Bolo,26.977244155481458,True,92
471,,,,,8.541377840302202e+41,1.3413181146769407e+40,3.8515114316757996e-13,6.048323992665444e-15,,,2459022.6072441554,Bolo,Bolo,27.977244155481458,True,92
472,,,,,8.152657870977542e+41,2.0947757247203406e+40,3.676228305982634e-13,9.445844454378923e-15,,,2459023.6072441554,Bolo,Bolo,28.977244155481458,True,92
473,,,,,7.880648077587117e+41,2.6066551279215587e+40,3.5535725883269046e-13,1.1754031037305146e-14,,,2459024.6072441554,Bolo,Bolo,29.977244155481458,True,92
474,,,,,7.636506672675873e+41,2.4835224352750267e+40,3.4434833931710244e-13,1.119879629390879e-14,,,2459025.6072441554,Bolo,Bolo,30.977244155481458,True,92
475,,,,,7.306626060382454e+41,2.519721974654565e+40,3.294732339993019e-13,1.1362028669701641e-14,,,2459026.6072441554,Bolo,Bolo,31.977244155481458,True,92
476,,,,,6.8159840085689854e+41,2.9220996861852255e+40,3.073490111074883e-13,1.3176445950833247e-14,,,2459027.6072441554,Bolo,Bolo,32.97724415548146,True,92
477,,,,,6.20824610699972e+41,3.5510954618595383e+40,2.79944656457444e-13,1.6012738251420303e-14,,,2459028.6072441554,Bolo,Bolo,33.97724415548146,True,92
478,,,,,5.651645069165286e+41,4.597569875599772e+40,2.5484618522500703e-13,2.0731541520441996e-14,,,2459029.6072441554,Bolo,Bolo,34.97724415548146,True,92
479,,,,,5.187586453568691e+41,5.634808535051257e+40,2.339206730142667e-13,2.5408698565764967e-14,,,2459030.6072441554,Bolo,Bolo,35.97724415548146,True,92
480,,,,,4.863502273518901e+41,7.189712249225307e+40,2.193069426814699e-13,3.24201310796609e-14,,,2459031.6072441554,Bolo,Bolo,36.97724415548146,True,92
481,,,,,4.69232553122647e+41,7.9452260911351995e+40,2.1158817420988367e-13,3.5826923582358895e-14,,,2459032.6072441554,Bolo,Bolo,37.97724415548146,True,92
482,,,,,4.566284844694963e+41,9.0650468184692e+40,2.059046983807051e-13,4.0876462911252244e-14,,,2459033.6072441554,Bolo,Bolo,38.97724415548146,True,92
483,,,,,4.4454543013700584e+41,9.148013284722395e+40,2.0045616036245263e-13,4.1250578538958313e-14,,,2459034.6072441554,Bolo,Bolo,39.97724415548146,True,92
484,,,,,4.288076734009036e+41,8.164086936433915e+40,1.933596296725177e-13,3.681381944784427e-14,,,2459035.6072441554,Bolo,Bolo,40.97724415548146,True,92
485,,,,,4.1195410406299555e+41,6.663989129354515e+40,1.8575995240930066e-13,3.0049519869225347e-14,,,2459036.6072441554,Bolo,Bolo,41.97724415548146,True,92
486,,,,,3.965240951966472e+41,4.837807525543562e+40,1.7880219258989707e-13,2.1814830507742798e-14,,,2459037.6072441554,Bolo,Bolo,42.97724415548146,True,92
487,,,,,3.854439977546e+41,2.7580150764326794e+40,1.7380591180709786e-13,1.2436549224520485e-14,,,2459038.6072441554,Bolo,Bolo,43.97724415548146,True,92
488,,,,,3.7545758134357886e+41,2.3258284204903556e+40,1.6930279794330898e-13,1.0487716287842092e-14,,,2459039.6072441554,Bolo,Bolo,44.97724415548146,True,92
489,,,,,3.696871513629204e+41,2.9347851485702073e+40,1.6670077313516582e-13,1.3233647732917298e-14,,,2459040.6072441554,Bolo,Bolo,45.97724415548146,True,92
490,,,,,3.631756743987759e+41,3.519131775928051e+40,1.6376459252901566e-13,1.5868606351315435e-14,,,2459041.6072441554,Bolo,Bolo,46.97724415548146,True,92
491,,,,,3.595312725319908e+41,3.8674805688192864e+40,1.6212124461560158e-13,1.7439394323837226e-14,,,2459042.6072441554,Bolo,Bolo,47.97724415548146,True,92
492,,,,,3.551513283518727e+41,4.516592960688692e+40,1.6014622309152956e-13,2.0366397255297497e-14,,,2459043.6072441554,Bolo,Bolo,48.97724415548146,True,92
493,,,,,3.4796292791659254e+41,5.045830335023417e+40,1.5690480151182763e-13,2.2752855079118784e-14,,,2459044.6072441554,Bolo,Bolo,49.97724415548146,True,92
494,,,,,3.3858979841795755e+41,4.938024829965774e+40,1.5267823337615387e-13,2.226673428819916e-14,,,2459045.6072441554,Bolo,Bolo,50.97724415548146,True,92
495,,,,,3.2387630327184744e+41,4.2419596276825387e+40,1.4604356671994302e-13,1.912800991151153e-14,,,2459046.6072441554,Bolo,Bolo,51.97724415548146,True,92
496,,,,,3.1175695867334037e+41,2.8223578024482054e+40,1.40578664553302e-13,1.272668595588561e-14,,,2459047.6072441554,Bolo,Bolo,52.97724415548146,True,92
497,,,,,3.0514008552688397e+41,1.1405951542950602e+40,1.3759495828927562e-13,5.1432161857459965e-15,,,2459048.6072441554,Bolo,Bolo,53.97724415548146,True,92
498,,,,,3.013037183790365e+41,1.2140182341098306e+40,1.3586504864210813e-13,5.474298402857506e-15,,,2459049.6072441554,Bolo,Bolo,54.97724415548146,True,92
499,,,,,2.9935976369052774e+41,2.1200172984806967e+40,1.349884730069545e-13,9.559664743926094e-15,,,2459050.6072441554,Bolo,Bolo,55.97724415548146,True,92
500,,,,,2.987310047668321e+41,2.759842740731203e+40,1.3470495057911453e-13,1.2444790599706828e-14,,,2459051.6072441554,Bolo,Bolo,56.97724415548146,True,92
501,,,,,2.9682736288610217e+41,2.904275221964468e+40,1.338465529525807e-13,1.3096071181102518e-14,,,2459052.6072441554,Bolo,Bolo,57.97724415548146,True,92
502,,,,,2.9172833289775624e+41,3.2141947824933674e+40,1.315472784493606e-13,1.449357255921129e-14,,,2459053.6072441554,Bolo,Bolo,58.97724415548146,True,92
503,,,,,2.849597455004331e+41,3.428016789436408e+40,1.2849516060321202e-13,1.5457747098123653e-14,,,2459054.6072441554,Bolo,Bolo,59.97724415548146,True,92
504,,,,,2.8212988094347465e+41,3.4678339191778845e+40,1.2721910703258132e-13,1.5637292053566554e-14,,,2459055.6072441554,Bolo,Bolo,60.97724415548146,True,92
505,,,,,2.7702952059928194e+41,3.5411870347723203e+40,1.2491923264011125e-13,1.5968058785285134e-14,,,2459056.6072441554,Bolo,Bolo,61.97724415548146,True,92
506,,,,,2.7646789281435087e+41,3.9199325290917027e+40,1.2466598124736744e-13,1.7675912750231833e-14,,,2459057.6072441554,Bolo,Bolo,62.97724415548146,True,92
507,,,,,2.7645706289270187e+41,4.90238866084927e+40,1.2466109777682947e-13,2.2106042283584037e-14,,,2459058.6072441554,Bolo,Bolo,63.97724415548146,True,92
508,,,,,2.750771762803772e+41,6.697958055600486e+40,1.2403887392007578e-13,3.0202693877218257e-14,,,2459059.6072441554,Bolo,Bolo,64.97724415548146,True,92
509,,,,,2.629103694377615e+41,8.284642223877381e+40,1.1855256989308185e-13,3.735743205510601e-14,,,2459060.6072441554,Bolo,Bolo,65.97724415548146,True,92
510,,,,,2.6564901706960755e+41,9.342257011143945e+40,1.1978749157183188e-13,4.212646993122744e-14,,,2459061.6072441554,Bolo,Bolo,66.97724415548146,True,92
511,,,,,2.5040640639607118e+41,9.34479734631183e+40,1.1291423407692286e-13,4.2137924909712634e-14,,,2459062.6072441554,Bolo,Bolo,67.97724415548146,True,92
512,,,,,2.441504783572466e+41,8.919857787418408e+40,1.1009328658955348e-13,4.022177086589219e-14,,,2459063.6072441554,Bolo,Bolo,68.97724415548146,True,92
513,,,,,2.285319160498508e+41,8.49186439101655e+40,1.03050503516612e-13,3.829184633879136e-14,,,2459064.6072441554,Bolo,Bolo,69.97724415548146,True,92
514,,,,,2.1174670669592296e+41,7.384070045318956e+40,9.548165140417158e-14,3.3296536839347454e-14,,,2459065.6072441554,Bolo,Bolo,70.97724415548146,True,92
515,,,,,2.033908150390821e+41,5.750204374867827e+40,9.17137801262714e-14,2.592904599042074e-14,,,2459066.6072441554,Bolo,Bolo,71.97724415548146,True,92
516,,,,,2.0461254042992103e+41,4.632566150473331e+40,9.226468530774956e-14,2.0889348088962577e-14,,,2459067.6072441554,Bolo,Bolo,72.97724415548146,True,92
517,,,,,2.085387882133107e+41,3.950440699426509e+40,9.403512428188845e-14,1.7813481382601187e-14,,,2459068.6072441554,Bolo,Bolo,73.97724415548146,True,92
518,,,,,2.166656797903664e+41,3.968833264182253e+40,9.769973395005318e-14,1.7896417853436547e-14,,,2459069.6072441554,Bolo,Bolo,74.97724415548146,True,92
519,,,,,2.2098742285410583e+41,3.9469523524610034e+40,9.964851119957597e-14,1.77977515923185e-14,,,2459070.6072441554,Bolo,Bolo,75.97724415548146,True,92
520,,,,,2.2902037637249386e+41,3.9396985313490023e+40,1.0327076195169753e-13,1.7765042379052738e-14,,,2459071.6072441554,Bolo,Bolo,76.97724415548146,True,92
521,,,,,2.336493042940098e+41,4.0040336669315946e+40,1.053580561961929e-13,1.8055144883341445e-14,,,2459072.6072441554,Bolo,Bolo,77.97724415548146,True,92
522,,,,,2.3029735930498946e+41,4.1796386283571706e+40,1.038465840795231e-13,1.8846989629043128e-14,,,2459073.6072441554,Bolo,Bolo,78.97724415548146,True,92
523,,,,,2.2443498797645756e+41,4.543540837713486e+40,1.0120310071996105e-13,2.0487911674119537e-14,,,2459074.6072441554,Bolo,Bolo,79.97724415548146,True,92
524,,,,,2.2086542624412948e+41,4.691438813588138e+40,9.959350001206791e-14,2.115481899920607e-14,,,2459075.6072441554,Bolo,Bolo,80.97724415548146,True,92
525,,,,,2.1493690242450945e+41,4.576937662584484e+40,9.692018691303975e-14,2.0638505940264046e-14,,,2459076.6072441554,Bolo,Bolo,81.97724415548146,True,92
526,,,,,2.059985732247471e+41,4.366882238307141e+40,9.28896806251049e-14,1.9691315822912817e-14,,,2459077.6072441554,Bolo,Bolo,82.97724415548146,True,92
527,,,,,1.9765937659402854e+41,3.989122672855541e+40,8.912933753354238e-14,1.7987907646896294e-14,,,2459078.6072441554,Bolo,Bolo,83.97724415548146,True,92
528,,,,,1.9441100478176568e+41,4.013678658528003e+40,8.766456903796906e-14,1.8098636455879905e-14,,,2459079.6072441554,Bolo,Bolo,84.97724415548146,True,92
529,,,,,1.9561090000227574e+41,3.797843569548446e+40,8.820563047384182e-14,1.712538444888038e-14,,,2459080.6072441554,Bolo,Bolo,85.97724415548146,True,92
530,,,,,2.02813826599195e+41,3.982974019104394e+40,9.145360224704402e-14,1.796018189742738e-14,,,2459081.6072441554,Bolo,Bolo,86.97724415548146,True,92
531,,,,,2.1329378612952195e+41,4.507226321009238e+40,9.617926650042711e-14,2.0324160838086697e-14,,,2459082.6072441554,Bolo,Bolo,87.97724415548146,True,92
532,,,,,2.1723737711384845e+41,5.372123939894032e+40,9.795752593842078e-14,2.4224190937031633e-14,,,2459083.6072441554,Bolo,Bolo,88.97724415548146,True,92
533,,,,,2.2175315305508827e+41,6.396007396081047e+40,9.999379725035194e-14,2.88411261785576e-14,,,2459084.6072441554,Bolo,Bolo,89.97724415548146,True,92
534,800950284181089.8,73320354887916.33,8153.637249573887,441.3653559078268,1.993321197019176e+42,7.672704546274924e+40,8.988361738425829e-13,3.4598058796100776e-14,,,2458996.6072441554,BB,BB,1.9772441554814577,True,13
535,1026864033719478.9,44849951123019.09,8004.20305093383,206.36853141906744,3.07462998588095e+42,5.838940496226606e+40,1.386424153128755e-12,2.6329178372111327e-14,,,2458997.6072441554,BB,BB,2.9772441554814577,True,13
536,1265190047499374.2,41162787917107.766,7826.006656540922,143.607620993646,4.27141730170833e+42,5.02421444638665e+40,1.9260841604924696e-12,2.2655383870436828e-14,,,2458998.6072441554,BB,BB,3.9772441554814577,True,13
537,1474230938262905.2,37659823544639.66,7675.1152707821,109.23275359036819,5.368506344463398e+42,5.205945214104934e+40,2.4207878334525586e-12,2.3474851340956116e-14,,,2458999.6072441554,BB,BB,4.977244155481458,True,13
538,1629186735119023.8,45733765226187.63,7566.375647434727,114.52581038502377,6.191436783256361e+42,5.57794239301211e+40,2.791866838707399e-12,2.515227553866781e-14,,,2459000.6072441554,BB,BB,5.977244155481458,True,13
539,1727350664761421.0,54522874492834.27,7485.405143947144,127.13285714154348,6.664792353495736e+42,7.260867370236876e+40,3.0053141798871764e-12,3.274098652842142e-14,,,2459001.6072441554,BB,BB,6.977244155481458,True,13
540,1809575664570850.8,70767931200864.81,7355.516279830836,152.1603309015419,6.814332504968504e+42,8.175567501449243e+40,3.072745408625738e-12,3.686558805968343e-14,,,2459002.6072441554,BB,BB,7.977244155481458,True,13
541,1913112042148270.0,77667568309705.89,7141.126154251212,151.9698213134298,6.765500986008175e+42,9.117369310689433e+40,3.050726109512851e-12,4.111239753525302e-14,,,2459003.6072441554,BB,BB,8.977244155481458,True,13
542,2075325540002436.2,93761390835522.47,6826.115424300021,152.74011550982888,6.643649974584368e+42,8.923109656863619e+40,2.9957805758724093e-12,4.0236434322510943e-14,,,2459004.6072441554,BB,BB,9.977244155481458,True,13
543,2279683211694695.0,91303228505625.95,6483.179766222759,123.79411843667383,6.527576158152742e+42,9.07646534175443e+40,2.9434401175455084e-12,4.092795176210069e-14,,,2459005.6072441554,BB,BB,10.977244155481458,True,13
544,2515807904233901.5,94266789494433.0,6148.160291238667,102.87025326925567,6.432019098029788e+42,9.025171859783798e+40,2.900351155047641e-12,4.069665719127842e-14,,,2459006.6072441554,BB,BB,11.977244155481458,True,13
545,2734535293052951.5,81010034770534.61,5870.23800458937,75.06905325293516,6.320114336040024e+42,8.186924955726401e+40,2.8498906230209628e-12,3.6916801535777196e-14,,,2459007.6072441554,BB,BB,12.977244155481458,True,13
546,2931427404076464.0,86461759518187.16,5634.548214009236,68.07998959091937,6.165307075873721e+42,8.673290077419247e+40,2.780084329073448e-12,3.910993812473543e-14,,,2459008.6072441554,BB,BB,13.977244155481458,True,13
547,3090306828268698.5,80151243430142.06,5437.338832215166,56.750647837040404,5.943244819005385e+42,8.054564264147577e+40,2.6799511495252334e-12,3.631995553943813e-14,,,2459009.6072441554,BB,BB,14.977244155481458,True,13
548,3253754351651739.0,72886989630401.69,5239.489493513885,45.48915385040136,5.681951483207616e+42,7.097797576531009e+40,2.5621277387521754e-12,3.200566585023334e-14,,,2459010.6072441554,BB,BB,15.977244155481458,True,13
549,3430984897120677.0,73108768768584.98,5038.345981468792,40.20818457468935,5.4025241545756617e+42,7.147750080374443e+40,2.436127277155628e-12,3.223091363014775e-14,,,2459011.6072441554,BB,BB,16.977244155481458,True,13
550,3629801803018481.5,93512345764617.38,4841.081761585474,44.04759390941648,5.153021345565672e+42,8.916933066491553e+40,2.3236204967386644e-12,4.0208582600140653e-14,,,2459012.6072441554,BB,BB,17.977244155481458,True,13
551,3761060587844259.5,89707838366767.08,4699.816520308011,41.227399830627924,4.914764270972104e+42,7.5040533367788785e+40,2.2161846867754445e-12,3.3837570179995964e-14,,,2459013.6072441554,BB,BB,18.977244155481458,True,13
552,3793348367605420.0,111749947776069.56,4617.627025643066,50.06547174850609,4.657318353066798e+42,8.510199972825201e+40,2.1000961686944467e-12,3.837452585989768e-14,,,2459014.6072441554,BB,BB,19.977244155481458,True,13
553,3700939951298774.5,131159119594190.28,4591.559059507341,59.14030391182452,4.33221821038067e+42,9.887391419253524e+40,1.953500743529324e-12,4.458461128018762e-14,,,2459015.6072441554,BB,BB,20.977244155481458,True,13
554,3545021804581156.0,128505738712049.0,4594.327009942881,59.21092352118738,3.984350929119048e+42,9.580934399396668e+40,1.796639071380453e-12,4.320272332561584e-14,,,2459016.6072441554,BB,BB,21.977244155481458,True,13
555,3355727318526033.5,76819769649736.86,4621.249131393546,39.93118744988739,3.657480964961402e+42,5.083530622564628e+40,1.6492455914100021e-12,2.2922854687094547e-14,,,2459017.6072441554,BB,BB,22.977244155481458,True,13
556,3218205109524595.5,92310713582058.02,4638.847896029069,48.62198681385045,3.414357803743205e+42,6.226929213337581e+40,1.5396155466742793e-12,2.807871223802128e-14,,,2459018.6072441554,BB,BB,23.977244155481458,True,13
557,3117497360609528.5,135232427758495.61,4648.519820163703,72.97951000699445,3.2272670625725314e+42,9.108578634009473e+40,1.4552518594738946e-12,4.107275827287866e-14,,,2459019.6072441554,BB,BB,24.977244155481458,True,13
558,3067656159186765.5,142061856058496.22,4626.909463763396,76.97646590521097,3.066380332491214e+42,9.28064921069378e+40,1.3827041872248925e-12,4.184866563296239e-14,,,2459020.6072441554,BB,BB,25.977244155481458,True,13
559,3049720266129077.0,91276540847755.33,4579.693425431813,53.74143293301505,2.912332798569359e+42,4.9256793286133005e+40,1.3132404720006403e-12,2.2211065471671142e-14,,,2459021.6072441554,BB,BB,26.977244155481458,True,13
560,3119159908783744.5,121936762385085.28,4492.367433289099,66.03382473683938,2.8188271803818155e+42,6.717763250655036e+40,1.2710765537068099e-12,3.0292000235730176e-14,,,2459022.6072441554,BB,BB,27.977244155481458,True,13
561,3257452623908077.5,238254439036330.06,4391.254168459441,111.99734090909504,2.796292133639927e+42,1.3885802384421328e+41,1.2609149624784957e-12,6.261440205728877e-14,,,2459023.6072441554,BB,BB,28.977244155481458,True,13
562,3377400258130608.0,325974513955064.7,4311.916406633074,145.59695387223692,2.783295612248699e+42,1.834100855494041e+41,1.2550545203289694e-12,8.270399160250403e-14,,,2459024.6072441554,BB,BB,29.977244155481458,True,13
563,3409747961546932.0,358812436103144.75,4279.47306693513,160.28927035503852,2.7466625659056423e+42,1.869450929145694e+41,1.238535804097772e-12,8.429801092029486e-14,,,2459025.6072441554,BB,BB,30.977244155481458,True,13
564,3318711323086847.5,383214350974215.8,4288.338500838428,183.1730880140811,2.6153655348907508e+42,1.793135144467241e+41,1.179330834436688e-12,8.085674977248017e-14,,,2459026.6072441554,BB,BB,31.977244155481458,True,13
565,3199803945106003.5,454656205756510.25,4301.132074986917,222.25081529956873,2.4432861499540518e+42,2.1473315505995477e+41,1.1017361265767687e-12,9.682831235621432e-14,,,2459027.6072441554,BB,BB,32.97724415548146,True,13
566,3120608320319930.0,601463576680356.0,4287.555308612364,294.585303300415,2.2563930477886735e+42,2.9191510003060502e+41,1.0174615595280124e-12,1.3163149621383356e-13,,,2459028.6072441554,BB,BB,33.97724415548146,True,13
567,3077132011946797.5,734457975268744.2,4267.746972911886,348.8002755779392,2.1175746702587586e+42,3.677927983193684e+41,9.548650349415018e-13,1.658465640673451e-13,,,2459029.6072441554,BB,BB,34.97724415548146,True,13
568,3018638324830377.0,837838361770924.2,4258.536214103586,414.89905801786796,1.98018916228685e+42,4.137446542306514e+41,8.929146254883974e-13,1.8656735427919273e-13,,,2459030.6072441554,BB,BB,35.97724415548146,True,13
569,3078887318435077.5,1028199593438293.8,4232.190082199743,497.5770267110982,1.9449304561124683e+42,4.882946719081673e+41,8.77015632089936e-13,2.2018373920970961e-13,,,2459031.6072441554,BB,BB,36.97724415548146,True,13
570,3016457605505162.0,1221355933118059.2,4278.89842186605,623.6451884911543,1.8617545854118302e+42,5.369550942390051e+41,8.395096438486101e-13,2.42125886762658e-13,,,2459032.6072441554,BB,BB,37.97724415548146,True,13
571,3007883112853827.5,1441394749067194.8,4351.195719384348,787.6905727739914,1.845113464374228e+42,6.084842185606969e+41,8.320057646021257e-13,2.7438007867099866e-13,,,2459033.6072441554,BB,BB,38.97724415548146,True,13
572,2787606686594471.0,1525497818195342.5,4462.9689614725885,865.3369123038385,1.7163751472113707e+42,6.198805407904829e+41,7.739545801775401e-13,2.795189527692705e-13,,,2459034.6072441554,BB,BB,39.97724415548146,True,13
573,2597417144414205.0,1207940990841485.5,4537.557379045771,859.1927314540767,1.6176675369999625e+42,4.915262769203871e+41,7.29444959337586e-13,2.2164094715436889e-13,,,2459035.6072441554,BB,BB,40.97724415548146,True,13
574,2339345287572287.5,887792621230963.4,4573.401269212203,695.9961721216421,1.4543223092118264e+42,3.59432390240424e+41,6.55788691707417e-13,1.620766562267631e-13,,,2459036.6072441554,BB,BB,41.97724415548146,True,13
575,2091861600660532.8,553110651737737.6,4625.78587389818,455.18185200752237,1.3257504672634726e+42,2.3595923973987384e+41,5.978125749362873e-13,1.0639966130283046e-13,,,2459037.6072441554,BB,BB,42.97724415548146,True,13
576,1937339778099407.5,245986404828785.22,4646.028143569802,199.66209140641803,1.2274033864943233e+42,1.2156171193813362e+41,5.534655254395377e-13,5.481508158726269e-14,,,2459038.6072441554,BB,BB,43.97724415548146,True,13
577,1972487833461713.0,263470958385450.28,4600.099236375105,213.43655315170884,1.219633365178888e+42,1.157545877742588e+41,5.499618371025627e-13,5.219651049481078e-14,,,2459039.6072441554,BB,BB,44.97724415548146,True,13
578,2094358811039540.2,483129741595285.3,4527.490667028755,377.0093906547757,1.2427587237224164e+42,1.960782694625762e+41,5.603896140323853e-13,8.841637853496496e-14,,,2459040.6072441554,BB,BB,45.97724415548146,True,13
579,2242122164960777.2,678458685855674.1,4456.183654630568,472.3806208769468,1.2897199837824497e+42,2.742146342668245e+41,5.815655687025652e-13,1.2364993310893118e-13,,,2459041.6072441554,BB,BB,46.97724415548146,True,13
580,2221515258713162.8,741301420877137.6,4484.29554881005,548.1023822414461,1.2675408271362938e+42,2.973605995018024e+41,5.715644568252131e-13,1.3408700208848753e-13,,,2459042.6072441554,BB,BB,47.97724415548146,True,13
581,2151240710743629.2,767508395466535.0,4559.0068669531165,604.9198907959494,1.2472455866937009e+42,3.092281965661723e+41,5.624128477950605e-13,1.394383852744965e-13,,,2459043.6072441554,BB,BB,48.97724415548146,True,13
582,1987000155398326.8,747075494778623.8,4696.116399653709,698.507638372763,1.1707505672273531e+42,2.967467887031114e+41,5.279194150668255e-13,1.3381022012751519e-13,,,2459044.6072441554,BB,BB,49.97724415548146,True,13
583,1888691044702694.0,743058537235230.9,4782.252378482524,739.4668016605874,1.1228667710616741e+42,2.9154981759297422e+41,5.06327466815345e-13,1.3146678163140552e-13,,,2459045.6072441554,BB,BB,50.97724415548146,True,13
584,1714198394452485.0,595218492022227.6,4866.5240760796005,675.7692848179097,1.024677544574757e+42,2.3014348089182187e+41,4.620515975876249e-13,1.0377719662488931e-13,,,2459046.6072441554,BB,BB,51.97724415548146,True,13
585,1616365484781352.2,401803710190885.94,4853.676968450952,451.1699133599082,9.663257371064703e+41,1.5083053806917424e+41,4.3573937282423707e-13,6.801309489882999e-14,,,2459047.6072441554,BB,BB,52.97724415548146,True,13
586,1571684856130820.2,170054438858454.4,4807.357895005972,200.60825310951694,9.276300876403775e+41,5.579822050736885e+40,4.1829057954271866e-13,2.516075136464105e-14,,,2459048.6072441554,BB,BB,53.97724415548146,True,13
587,1648112826188378.0,211173888777208.8,4716.547938217501,228.49882547235234,9.40476543284306e+41,7.095231714152918e+40,4.2408335345978445e-13,3.1994095763455664e-14,,,2459049.6072441554,BB,BB,54.97724415548146,True,13
588,1779428442883646.5,446130784672109.2,4639.705028420723,418.93678573754016,9.79138476941757e+41,1.565619846400309e+41,4.4151694347728154e-13,7.059754115567798e-14,,,2459050.6072441554,BB,BB,55.97724415548146,True,13
589,1940805310578128.8,617694233754578.8,4538.934970119433,522.706023414146,1.0259359109604713e+42,2.1901965211366374e+41,4.626190250695174e-13,9.87611963373333e-14,,,2459051.6072441554,BB,BB,56.97724415548146,True,13
590,1928708878602867.2,723324507531187.2,4600.700429338291,622.0558007193398,1.0288573338813774e+42,2.607561004884073e+41,4.639363644949598e-13,1.1758115853059748e-13,,,2459052.6072441554,BB,BB,57.97724415548146,True,13
591,1911506663882242.8,763439622179214.6,4632.670409260362,684.9458999608177,1.0159772584714575e+42,2.7449804181363463e+41,4.581284306217994e-13,1.2377772834604292e-13,,,2459053.6072441554,BB,BB,58.97724415548146,True,13
592,1784623487319693.5,765925396586882.6,4789.075079121942,823.5703459303853,9.708900047014313e+41,2.687811966901036e+41,4.3779751018192104e-13,1.211998662308106e-13,,,2459054.6072441554,BB,BB,59.97724415548146,True,13
593,1682009677295675.8,770445065494216.1,4926.356038429706,947.4584570199622,9.332487548644109e+41,2.572972529286442e+41,4.208241708963334e-13,1.1602148148950076e-13,,,2459055.6072441554,BB,BB,60.97724415548146,True,13
594,1536065839628322.2,742082481276899.8,5177.657422001313,1184.1140783816863,8.961904315470895e+41,2.4157814040681098e+41,4.041136871120975e-13,1.0893335792143051e-13,,,2459056.6072441554,BB,BB,61.97724415548146,True,13
595,1470492487244018.5,793703156957026.5,5362.0011085073365,1377.587963400932,8.830815825646725e+41,2.5550636938529094e+41,3.982025937667522e-13,1.15213929292538e-13,,,2459057.6072441554,BB,BB,62.97724415548146,True,13
596,1379872579557835.0,827553741732496.0,5724.3762840215595,2026.3741598802658,8.825239717629898e+41,2.99121083311138e+41,3.9795115372777237e-13,1.348808463187407e-13,,,2459058.6072441554,BB,BB,63.97724415548146,True,13
597,1371531260241952.2,1707725760830952.8,6185.48390796287,3438.005063046965,9.257920294584426e+41,1.2396929880031693e+42,4.174617551736099e-13,5.590072005166803e-13,,,2459059.6072441554,BB,BB,64.97724415548146,True,13
598,1280044428849834.8,2112375951278581.8,6559.744374603831,3674.939153869295,9.573004084642616e+41,1.7815969800774687e+42,4.3166963640816633e-13,8.033646636061569e-13,,,2459060.6072441554,BB,BB,65.97724415548146,True,13
599,1192611766733086.0,1374495941924094.2,6654.472255670449,3428.4937276579108,9.307587432540414e+41,1.4888423918554827e+42,4.197013651427825e-13,6.713546221006487e-13,,,2459061.6072441554,BB,BB,66.97724415548146,True,13
600,1093314556215555.8,838110663856955.2,6744.39103350187,2739.033998497183,8.661713373966063e+41,4.893111204469157e+41,3.905773600170012e-13,2.2064208015187325e-13,,,2459062.6072441554,BB,BB,67.97724415548146,True,13
601,1077682690578514.5,858074333015962.2,6906.485825356011,4506.260300668986,8.741066586722985e+41,1.6823015899666774e+42,3.9415558605720025e-13,7.585899987599416e-13,,,2459063.6072441554,BB,BB,68.97724415548146,True,13
602,1036686321435170.9,840920047684271.8,6806.049612205811,2742.515641670495,7.705212615451321e+41,3.830272758846928e+41,3.474464545038016e-13,1.7271615414935693e-13,,,2459064.6072441554,BB,BB,69.97724415548146,True,13
603,1094854746177018.2,905569530052805.9,6763.157735634629,3965.6415410560153,7.95405781037343e+41,1.6409518499812508e+42,3.586674791543888e-13,7.399444126228625e-13,,,2459065.6072441554,BB,BB,70.97724415548146,True,13
604,1243156388026264.5,1666786261271786.0,6665.443590115444,4335.081302094654,8.201616752654518e+41,2.161028071916503e+42,3.698305035988787e-13,9.7445921241019e-13,,,2459066.6072441554,BB,BB,71.97724415548146,True,13
605,1303447943168428.8,1337975680792526.2,6413.385508849052,4266.692922401776,7.845690042569635e+41,1.169198281332314e+42,3.5378091747399914e-13,5.272194522526571e-13,,,2459067.6072441554,BB,BB,72.97724415548146,True,13
606,1309772585455812.0,1038594273720237.6,6023.300092953232,2533.958190348528,7.243874665738316e+41,3.3012427474893063e+41,3.266436236209256e-13,1.4886092640343895e-13,,,2459068.6072441554,BB,BB,73.97724415548146,True,13
607,1407969477648935.5,1070977372901171.1,5866.652721305752,2692.579107672768,7.75263908563236e+41,4.208549619921546e+41,3.4958502740716165e-13,1.8977356200564942e-13,,,2459069.6072441554,BB,BB,74.97724415548146,True,13
608,1434883957820313.0,1097870061850330.6,5868.821997953708,2815.2785523368666,8.04212980737414e+41,5.078062627325658e+41,3.6263885601654095e-13,2.2898198189553983e-13,,,2459070.6072441554,BB,BB,75.97724415548146,True,13
609,1407538380594339.8,991016745288866.9,5780.508873080184,2355.421382598434,7.913601645775782e+41,3.1344639696109633e+41,3.568432139908178e-13,1.4134047265968287e-13,,,2459071.6072441554,BB,BB,76.97724415548146,True,13
610,1340088263281281.2,918668136415729.6,5928.138542331472,2720.6347558242273,7.987818769859418e+41,4.50733786845408e+41,3.6018984151601015e-13,2.0324663832178538e-13,,,2459072.6072441554,BB,BB,77.97724415548146,True,13
611,1288066169764900.5,919594882625753.9,6053.033579743079,2645.621049500188,7.773929629834775e+41,3.833027652903357e+41,3.505450689357694e-13,1.7284037890735e-13,,,2459073.6072441554,BB,BB,78.97724415548146,True,13
612,1268730569782670.0,1023386362056525.0,6384.491040199803,3481.303830383436,8.177937695364768e+41,7.111980597985867e+41,3.687627583059301e-13,3.206962048412313e-13,,,2459074.6072441554,BB,BB,79.97724415548146,True,13
613,1393571847093650.5,1129272430337875.8,6083.227622574845,2768.3149134543132,8.10140099167363e+41,3.956027694977057e+41,3.6531153539177356e-13,1.783867448099115e-13,,,2459075.6072441554,BB,BB,80.97724415548146,True,13
614,1319145424979726.0,1251364407889658.2,6505.217348246021,3966.2415661271953,8.438372846789525e+41,1.0256538639886645e+42,3.805064017985494e-13,4.624918433481963e-13,,,2459076.6072441554,BB,BB,81.97724415548146,True,13
615,1363389241400833.8,1194737149801624.0,6149.376164829666,2961.2311799916283,7.744483340680004e+41,4.840963385138558e+41,3.492172653726851e-13,2.1829061032997787e-13,,,2459077.6072441554,BB,BB,82.97724415548146,True,13
616,1190165620681491.2,1119652293586862.2,6563.1700017934,3949.5676278813276,7.788510415748132e+41,2.234994310041542e+42,3.512025514248725e-13,1.0078123571864857e-12,,,2459078.6072441554,BB,BB,83.97724415548146,True,13
617,1139111418131764.0,896790069767719.1,6467.538437300897,3433.279859240738,6.937225473858732e+41,5.483356075908986e+41,3.1281607857935685e-13,2.4725763226001044e-13,,,2459079.6072441554,BB,BB,84.97724415548146,True,13
618,1010655543020956.1,809239302539570.9,6701.616481575513,3354.9926122511415,6.505629708375799e+41,4.8775462534246166e+41,2.9335439387578474e-13,2.1994021930456757e-13,,,2459080.6072441554,BB,BB,85.97724415548146,True,13
619,1171164505085694.2,866692546212694.6,6330.2850594127,3156.1900971279,7.09914785657719e+41,4.9595424076622035e+41,3.201175458571732e-13,2.236376218935197e-13,,,2459081.6072441554,BB,BB,86.97724415548146,True,13
620,1448191371176175.2,1333297501793569.8,6273.389972733093,4369.824373382039,8.982543284025531e+41,1.4960152181729936e+42,4.0504434753729393e-13,6.745890209383822e-13,,,2459082.6072441554,BB,BB,87.97724415548146,True,13
621,2252924446684720.5,2559527027807940.5,5398.983779939048,2921.623824823693,1.0915026200022889e+42,1.0250921067810813e+42,4.921846214092981e-13,4.62238533595685e-13,,,2459083.6072441554,BB,BB,88.97724415548146,True,13
622,3522504107515865.5,6388381361492296.0,5500.372460086343,5014.547915756698,1.7545614029321875e+42,3.576696348160348e+42,7.91173675643339e-13,1.6128178767098407e-12,,,2459084.6072441554,BB,BB,89.97724415548146,True,13
