,mag,mag_err,jd,band,filter,phase,sub,site
0,19.7365269091397,1.069236602619744,2458232.8518981,i,i,-738.7870489367494,True,0
1,18.54521993180344,0.4212101201132562,2458249.8166319,i,i,-722.3343239387672,True,0
2,19.845949304312384,3.0746938403851587,2458272.8598727,i,i,-699.9865459885439,True,0
3,19.86666712728061,-3.2350906596809623,2458277.8109144,i,i,-695.1849305608024,True,0
4,19.826761892677496,-10.867288993448964,2458281.8108912,i,i,-691.3056761579944,True,0
5,19.640197381245866,0.7010286166207921,2458290.6767245,i,i,-682.7074205716749,True,0
6,19.57865939347175,-3.666619148104457,2458294.8414468,i,i,-678.668392815318,True,0
7,18.46424307665465,-1.0805256039017634,2458308.6834954,i,i,-665.2441079601602,True,0
8,19.72074899391997,-3.323630644210179,2458312.677963,i,i,-661.3701964854695,True,0
9,19.70506223995764,0.6819528546333948,2458320.7472569,i,i,-653.5444401230743,True,0
10,19.364591740644155,-3.138093968289486,2458325.8116204,i,i,-648.6329230352109,True,0
11,19.593834410666616,0.5581234086103384,2458331.8276852,i,i,-642.7984277288236,True,0
12,19.56789417641148,-5.77752576738125,2458338.6530093,i,i,-636.1790971950578,True,0
13,19.195942800614475,-4.413855226727232,2458342.8629514,i,i,-632.0962144073087,True,0
14,19.645980333473812,-1.0309737794379883,2458345.6639699,i,i,-629.3797328147014,True,0
15,19.06183585753111,0.6354535879090213,2458347.8602662,i,i,-627.2497224378221,True,0
16,19.535934789767627,2.1132202150039943,2458366.7817361,i,i,-608.899317150085,True,0
17,19.22292955004097,0.4713697996495302,2458371.7815509,i,i,-604.0504006321368,True,0
18,19.98731197922484,-2.0297072108012286,2458379.6422569,i,i,-596.4269368256709,True,0
19,19.18564480244381,6.214169123399395,2458539.0594097,i,i,-441.8211171347853,True,0
20,18.842125317331067,-1.7316114989845917,2458544.0533565,i,i,-436.97789151603246,True,0
21,19.550949552012973,1.3300067185429283,2458557.0369676,i,i,-424.38613585194554,True,0
22,19.48367885623054,-1.0060463774463966,2458568.9684722,i,i,-412.81473329962375,True,0
23,19.39439658883472,-28.173220713849425,2458572.9010417,i,i,-409.00085179207963,True,0
24,19.5520805084246,-4.544225728100748,2458582.0079745,i,i,-400.16877327571154,True,0
25,19.67346086670227,-1.7889498351142994,2458587.0089931,i,i,-395.31868928929606,True,0
26,19.68760876896573,2.0250370535443567,2458596.8954398,i,i,-385.7306232058472,True,0
27,19.449249428685167,-35.034577787935845,2458605.9665625,i,i,-376.93327401239884,True,0
28,19.403560366091718,-49.73352778684434,2458616.8195602,i,i,-366.40782818674086,True,0
29,19.33349430619492,-4.47641618804563,2458627.9534606,i,i,-355.60995752158925,True,0
30,19.555602374103863,1.2666897796451524,2458633.7751968,i,i,-349.96392582810904,True,0
31,19.550230112297974,2.109556896097468,2458637.7830208,i,i,-346.0770610597299,True,0
32,19.57925688500389,965.8330954366628,2458641.7651852,i,i,-342.2150814645673,True,0
33,19.61689543385356,-2.7539117705945366,2458645.7576968,i,i,-338.34306695627504,True,0
34,19.459051008649205,1.0944303618875275,2458652.7569097,i,i,-331.55509572094195,True,0
35,19.54738442373455,4.140008169738169,2458659.6804167,i,i,-324.84054552324045,True,0
36,19.55217928513948,3.853190025150109,2458663.6840046,i,i,-320.95778900586583,True,0
37,19.54226982844828,1.9458792546580483,2458667.6798495,i,i,-317.0825417992587,True,0
38,19.482937217841357,2.242267222790728,2458671.6812384,i,i,-313.2019179145683,True,0
39,19.386916531634583,-3.578178456834938,2458675.7175579,i,i,-309.2874176621234,True,0
40,19.562763369873327,2.0851115011011685,2458679.7561227,i,i,-305.37073987503834,True,0
41,19.55783437457829,0.7596095619640135,2458688.844456,i,i,-296.5566995113084,True,0
42,19.43819202314073,-1.0617680027163008,2458692.8077083,i,i,-292.71306123409863,True,0
43,19.435804978716604,-8.091365867170412,2458703.6612847,i,i,-282.1870541739586,True,0
44,19.390354062800803,16.238465327147328,2458710.7414236,i,i,-275.32059934828203,True,0
45,19.34362166332961,-5.114204885433906,2458719.6478356,i,i,-266.68298975841645,True,0
46,19.60252112378136,-3.2077129976766527,2458725.7275579,i,i,-260.78675818526665,True,0
47,19.488361703518063,4.05642166988183,2458733.6419676,i,i,-253.11121149786322,True,0
48,19.280809896152974,1.589213528377647,2458751.6191204,i,i,-235.6766230894124,True,0
49,19.536782527243368,4.680698386835978,2458954.8655787,i,i,-38.56430027545896,True,0
50,19.696923751248903,-1320.3082483217768,2458962.9084144,i,i,-30.76420358416632,True,0
51,19.553029295846045,-12.280203936134573,2458966.9854282,i,i,-26.810237217573995,True,0
52,19.58676436926855,3.3908552422461176,2458971.962419,i,i,-21.98345585373153,True,0
53,19.418272649259944,-1.8703510035280468,2458981.8548958,i,i,-12.389541663435686,True,0
54,19.52884068333838,1.891937411153069,2458985.8515625,i,i,-8.513497458965242,True,0
55,19.55711436799799,11.435895300338483,2458991.8724653,i,i,-2.67431016756553,True,0
56,19.26973029137281,0.4431105339801967,2459085.7841782,i,i,88.40307452119016,True,0
57,19.386058941801625,0.4778627071905671,2459089.6677778,i,i,92.16946407800543,True,0
58,19.3430038928244,0.4127949496762644,2459093.7387037,i,i,96.11752628199845,True,0
59,20.725367352137248,-2.3344802303168697,2458203.9970255,g,g,-766.7710591394178,True,0
60,20.353859525689728,-3.9303971964969113,2458204.9470833,g,g,-765.849674819525,True,0
61,21.063042294264363,4.601871990301822,2458204.9688194,g,g,-765.8285947319985,True,0
62,21.08511351535219,2.022012606148878,2458204.9740972,g,g,-765.8234762197267,True,0
63,20.885235364272827,-0.7789767213456378,2458204.9854514,g,g,-765.8124646986519,True,0
64,20.93787620716715,-1.1183400798933998,2458204.9864005,g,g,-765.811544243103,True,0
65,20.888248503048928,-15.945850418290227,2458205.0114468,g,g,-765.7872538596916,True,0
66,20.729822516947287,-1.5342719503424662,2458205.9677662,g,g,-764.8597969195592,True,0
67,20.539886210954197,-0.5712221662940273,2458205.9917361,g,g,-764.8365504498341,True,0
68,21.219714566234323,-0.4527070618228513,2458206.0159722,g,g,-764.8130458142975,True,0
69,20.96860740619248,-2.2273857547882026,2458206.0245949,g,g,-764.8046833537221,True,0
70,20.513891944418177,-1.4771003273417287,2458227.837338,g,g,-743.6502657302913,True,0
71,20.53595526043617,4.618061210903149,2458227.8595718,g,g,-743.6287029635606,True,0
72,20.47411466331496,27.6383271658226,2458228.9627778,g,g,-742.5587925750267,True,0
73,20.540893646574737,7.477387453807767,2458228.9981597,g,g,-742.5244785280229,True,0
74,20.885510682863437,1.2531409468818435,2458229.9673495,g,g,-741.5845396267733,True,0
75,20.83662503543121,-0.671229740271769,2458229.9840046,g,g,-741.5683871905449,True,0
76,20.928337280663005,-1.08661663734495,2458229.9849537,g,g,-741.567466734996,True,0
77,20.95522590811499,-2.6108380590960314,2458230.9838657,g,g,-740.5987026725228,True,0
78,20.924625761659204,0.4363246021634915,2458231.8803125,g,g,-739.7293113312053,True,0
79,20.942812089574662,0.6638563429166466,2458231.8997801,g,g,-739.7104312782961,True,0
80,20.78391032351692,41.53328636259417,2458231.9216319,g,g,-739.6892389826211,True,0
81,20.90420924247222,-1.081226862995529,2458231.9767361,g,g,-739.6357978702414,True,0
82,20.67165676114567,2.348516705149825,2458231.9987384,g,g,-739.6144596164518,True,0
83,20.37950830904387,-1.217087339505989,2458232.9403241,g,g,-738.7012917019242,True,0
84,20.37385174500161,-1.4498257777165713,2458234.9782986,g,g,-736.7248248507026,True,0
85,20.35729894550456,3.921132184092141,2458234.9984722,g,g,-736.7052601056258,True,0
86,20.04932242925777,4.851182950648883,2458235.9840972,g,g,-735.7493820311003,True,0
87,20.683637614705837,0.6559638754074705,2458244.9225926,g,g,-727.0806573434828,True,0
88,20.65767229919481,0.7465546051028115,2458244.9235417,g,g,-727.0797368879339,True,0
89,20.73835341561635,3.152142982476195,2458244.9398958,g,g,-727.063876367483,True,0
90,20.009283341313232,-1.261068005594289,2458245.9870833,g,g,-726.0482937969115,True,0
91,20.609675196195447,-0.6498045833132297,2458246.8395602,g,g,-725.2215453098511,True,0
92,20.98057434522673,-0.726732045409021,2458247.8388773,g,g,-724.2523883738921,True,0
93,21.101024254748538,-0.4094584627683909,2458247.8650926,g,g,-724.2269642715281,True,0
94,20.96309262585268,-3.740891420157056,2458247.8826736,g,g,-724.2099138797281,True,0
95,20.83591250167201,-0.8209916619985602,2458248.8522454,g,g,-723.2696045074231,True,0
96,20.759333904087114,-2.6203683917925,2458248.873588,g,g,-723.2489060438452,True,0
97,19.776441716899743,3.141603031752327,2458249.8514931,g,g,-722.3005148767536,True,0
98,21.16827741858321,-0.7616394860994239,2458252.9258681,g,g,-719.3189268948979,True,0
99,21.154495210906774,0.8450431745998033,2458252.9544907,g,g,-719.2911681473378,True,0
100,20.97202367694463,1.0559409828391633,2458252.9775231,g,g,-719.2688308827212,True,0
101,21.030046313503554,-1.4319616772166976,2458254.9044213,g,g,-717.4000879623386,True,0
102,20.91627099607315,3.6242878931426072,2458254.9228125,g,g,-717.3822518231156,True,0
103,21.01884338233447,2.747027324041909,2458254.9568634,g,g,-717.3492286056206,True,0
104,21.11061833477977,-1.01417709998006,2458255.8603588,g,g,-716.4730013966177,True,0
105,21.037461447726635,-2.3060579284070606,2458255.8790856,g,g,-716.4548397858423,True,0
106,20.77190531738632,0.6202693368093583,2458255.9163426,g,g,-716.4187072310741,True,0
107,20.612501208677923,-1.2669713488358565,2458258.8386111,g,g,-713.584635057044,True,0
108,20.62106992382273,-2.008960823197314,2458258.8615046,g,g,-713.5624325005533,True,0
109,20.13567417299628,1.4036175420479544,2458261.9246296,g,g,-710.5917549849687,True,0
110,20.894827718595263,2.907037086148049,2458261.9265046,g,g,-710.5899365738483,True,0
111,19.905157275602036,6.492464349606513,2458262.9064236,g,g,-709.6395922879619,True,0
112,20.24665140583881,-0.9932598122560692,2458262.9578356,g,g,-709.5897319420709,True,0
113,21.19379214860919,4.985906764599868,2458272.7560995,g,g,-700.0871872329705,True,0
114,21.048670776542263,-1.1019536299898829,2458272.757037,g,g,-700.0862780278618,True,0
115,21.18103158282853,-0.5750737912756617,2458273.7712384,g,g,-699.1026860110879,True,0
116,21.004428905848908,-0.8716994688665073,2458273.7879977,g,g,-699.0864325200557,True,0
117,20.98779568296207,2.4553522446232305,2458273.8058218,g,g,-699.0691463648745,True,0
118,21.27064703328541,1.3729736777129689,2458274.7699537,g,g,-698.134112712493,True,0
119,21.220291919587066,0.8650964990170719,2458274.7893287,g,g,-698.1153224648506,True,0
120,20.336312960674945,0.4950385554458672,2458274.883206,g,g,-698.0242784543043,True,0
121,20.781117429376398,-10.310815021520716,2458274.9137731,g,g,-697.9946338932388,True,0
122,21.258275851841148,2.8530232803074567,2458275.7763194,g,g,-697.1581199083972,True,0
123,21.26751970003056,-1.1887915778929383,2458276.8449653,g,g,-696.1217265690037,True,0
124,21.240895141569748,0.6101919725841988,2458276.8606713,g,g,-696.1064945883242,True,0
125,21.05792373186335,-0.717699790113281,2458276.8807292,g,g,-696.087042051396,True,0
126,20.867587925492487,-2.820221067434036,2458277.8170718,g,g,-695.1789589958182,True,0
127,21.18507627998561,-1.6954104894252595,2458277.8387847,g,g,-695.157901408269,True,0
128,21.109626150338496,-1.2449382497359265,2458277.8579282,g,g,-695.1393356735675,True,0
129,21.334972644593517,-1.393688710784471,2458278.8383449,g,g,-694.1885087089288,True,0
130,21.149551221474077,1.3390299390330411,2458278.8592593,g,g,-694.1682255217185,True,0
131,21.236912781814222,-0.8299150959790094,2458278.8601968,g,g,-694.1673163161582,True,0
132,21.25278895766652,-51.91811594790082,2458278.8918287,g,g,-694.1366390913953,True,0
133,21.12669771606517,-1.9855616166275407,2458279.833588,g,g,-693.223302816323,True,0
134,21.201425990252595,-1.3940039392342856,2458279.8413079,g,g,-693.2158159088889,True,0
135,20.820978613691285,-1.0264478535057189,2458279.8620602,g,g,-693.1956899293301,True,0
136,21.24666203673016,2.0197790204981656,2458280.7697801,g,g,-692.3153657188597,True,0
137,21.345087362791816,-0.7283047508515369,2458280.7879977,g,g,-692.2976979401815,True,0
138,21.213046804541783,-1.3107253567133914,2458280.9015856,g,g,-692.1875382108921,True,0
139,21.18938900082684,0.8816347529030284,2458281.7581944,g,g,-691.3567825276308,True,0
140,21.333119634325666,-0.6172200698203031,2458281.7751273,g,g,-691.3403606756021,True,0
141,21.26008875925905,-0.7530391076185747,2458281.8847454,g,g,-691.234050934862,True,0
142,21.21271051203481,32.3958285236049,2458281.8861921,g,g,-691.2326478972046,True,0
143,20.977058941059887,-0.7379025757955838,2458282.8654977,g,g,-690.2828984986709,True,0
144,21.005105542797335,-6.492106371223091,2458282.8826157,g,g,-690.2662971332045,True,0
145,20.961891674779096,-1.0208060113126618,2458282.9152199,g,g,-690.2346769529153,True,0
146,21.290499965396307,-1.7745023875567871,2458283.7879398,g,g,-689.3882964154886,True,0
147,21.391541315230302,-9.734856149730383,2458283.8104398,g,g,-689.3664754829466,True,0
148,21.18302387302885,15.558543936939374,2458283.9123148,g,g,-689.2676751491663,True,0
149,21.199720750561585,3.413203072599891,2458284.7537269,g,g,-688.4516575178434,True,0
150,20.34581088431877,-1.4599107153816646,2458284.8638542,g,g,-688.3448539450061,True,0
151,21.0161032028942,-1.0736732148886523,2458284.8784491,g,g,-688.3306995304315,True,0
152,21.14868277624632,-0.9364168457110392,2458286.7665625,g,g,-686.4995708548481,True,0
153,21.00361267918027,-2.0162423189176697,2458286.9104398,g,g,-686.3600358831977,True,0
154,21.12828992023092,3.048448171598942,2458287.8405208,g,g,-685.4580254478595,True,0
155,21.31493108817661,1.3157050070954703,2458287.8414583,g,g,-685.4571162422993,True,0
156,21.21495277093356,-0.6486984149000692,2458288.8529051,g,g,-684.4761956898099,True,0
157,20.938938989457764,0.6798632285545895,2458288.8695255,g,g,-684.4600769064518,True,0
158,20.96569688427585,3.536923347524565,2458288.8820833,g,g,-684.4478981106494,True,0
159,20.795740499011117,304.7935618832722,2458289.8595949,g,g,-683.4998885675064,True,0
160,20.819960009109025,0.9463270162351208,2458289.8814352,g,g,-683.4787074247245,True,0
161,20.42467910659809,-0.5303400265891328,2458289.8999769,g,g,-683.4607253278385,True,0
162,20.72299313294267,-3.6600785157333102,2458290.7081597,g,g,-682.6769341103384,True,0
163,20.709015696819986,-2.0575972885420777,2458290.7130671,g,g,-682.672174819585,True,0
164,20.668134453363628,-0.8383587757100003,2458290.7158681,g,g,-682.6694583557975,True,0
165,20.700083475554663,-1.024779692362134,2458290.736412,g,g,-682.6495344867495,True,0
166,20.767466212320624,-1.0239987777293662,2458291.8383449,g,g,-681.5808587748766,True,0
167,20.600948820965,-0.688379417664534,2458292.8521991,g,g,-680.5976034796438,True,0
168,20.58789987758249,-11.77021080067648,2458299.6936111,g,g,-673.9626705912385,True,0
169,21.11739823479672,0.8651809478474309,2458300.7079861,g,g,-672.9789102139199,True,0
170,20.92337109117064,3.374002153641249,2458300.7134144,g,g,-672.9736457444367,True,0
171,20.946255290870766,1.7827712186873677,2458300.7143403,g,g,-672.9727477888651,True,0
172,20.74194562131943,18.41945231048529,2458301.771088,g,g,-671.9478935526097,True,0
173,20.60649294421293,-4.360378307834203,2458301.7760764,g,g,-671.9430557061266,True,0
174,20.48051841857753,-1.102923488095308,2458301.800787,g,g,-671.9190908913635,True,0
175,20.50049834879883,5.213547406461372,2458302.7054977,g,g,-671.0416850610002,True,0
176,20.728052264481875,-1.8643045240405145,2458302.7145718,g,g,-671.0328848240799,True,0
177,21.3193691458654,2.177805099979748,2458304.7087269,g,g,-669.0989148690009,True,0
178,21.35352646690926,0.6447768402552139,2458304.7266667,g,g,-669.0815165061227,True,0
179,21.21154116990329,-0.7131506564542156,2458304.8097338,g,g,-669.0009564354914,True,0
180,21.0485295309607,-1.0541047015770686,2458305.708588,g,g,-668.1292303514305,True,0
181,20.991362667767028,0.3818994464022953,2458305.714213,g,g,-668.1237751180691,True,0
182,21.02958908089613,-0.6923393069723287,2458305.7990509,g,g,-668.0414976915727,True,0
183,20.03170839063629,1.442169999392792,2458306.7999769,g,g,-667.0707804132093,True,0
184,20.408683943167706,0.7683834709825662,2458306.832963,g,g,-667.0387898594116,True,0
185,21.25165851751806,-1.32543135228798,2458307.7130556,g,g,-666.1852591356405,True,0
186,21.08808997203771,1.466280597704317,2458307.7343171,g,g,-666.1646393239846,True,0
187,21.169603634626945,4.133438180517717,2458308.7070718,g,g,-665.2212431143837,True,0
188,21.16725254868066,4.906191927225366,2458308.7251736,g,g,-665.203687640498,True,0
189,20.91774001091909,-1.0451813205049725,2458308.8811458,g,g,-665.052422802283,True,0
190,21.04952035896187,0.713490712806363,2458311.7565741,g,g,-662.263777154943,True,0
191,20.855653403148896,-0.9010582899812593,2458312.8384954,g,g,-661.2145090775907,True,0
192,20.435729191071424,-0.9104361029549164,2458313.7334954,g,g,-660.3465208705744,True,0
193,21.1147692459881,-2.741367115453932,2458313.734537,g,g,-660.3455107068544,True,0
194,21.055347246789907,-0.594440068003945,2458313.8337847,g,g,-660.2492583792211,True,0
195,21.023273021913603,0.7381505623465408,2458313.8383218,g,g,-660.2448582124391,True,0
196,20.6304489289344,-4.54092481389981,2458314.7447569,g,g,-659.3657800257139,True,0
197,20.96142564980478,-0.5010487815057164,2458314.8326273,g,g,-659.2805616220373,True,0
198,21.04128414653556,8.299790462648344,2458314.8533796,g,g,-659.2604356424786,True,0
199,20.650603001422027,1.7421598726189789,2458315.8801736,g,g,-658.2646310808393,True,0
200,20.79148679847565,-0.7859589703169682,2458316.8591435,g,g,-657.3152072500503,True,0
201,20.653630445510167,-7.316044380603545,2458317.8396412,g,g,-656.3643017301335,True,0
202,20.863354418610868,-77.33951479468976,2458318.8951042,g,g,-655.3406934205278,True,0
203,20.562952901354024,-1.4396755925442508,2458319.6916667,g,g,-654.5681717937217,True,0
204,20.666454422071958,-0.6234987852182309,2458319.8612384,g,g,-654.4037178988887,True,0
205,20.67424974690594,-2.2155491897595163,2458320.7062616,g,g,-653.5841981534508,True,0
206,20.29159740888145,-1.6233351142861256,2458320.9051273,g,g,-653.3913343742132,True,0
207,20.813856971639147,1.9333666233938251,2458321.8933796,g,g,-652.4329082939919,True,0
208,20.63187490067865,-0.5594358665054878,2458329.6650347,g,g,-644.8958077621452,True,0
209,20.663613304204905,-2.4958396751846617,2458330.666331,g,g,-643.9247313598105,True,0
210,20.88850526521325,10.08264116477586,2458330.6845486,g,g,-643.9070635811322,True,0
211,20.851582009298724,-2.167353178456798,2458330.7055324,g,g,-643.8867130886325,True,0
212,20.900130967945216,0.6207244984332766,2458330.7064583,g,g,-643.8858151330609,True,0
213,20.88630713660801,-0.5511696957652468,2458331.7367477,g,g,-642.8866206650036,True,0
214,21.083738027515857,-1.6288105693611263,2458332.6914352,g,g,-641.9607463726104,True,0
215,21.14690256853653,3.531749115109629,2458332.7118866,g,g,-641.9409122117335,True,0
216,21.14066433383374,-0.4173674402784875,2458333.6737037,g,g,-641.0081234968285,True,0
217,21.06259146152648,-5.98778831489612,2458336.7424884,g,g,-638.0319570950121,True,0
218,20.03667648244129,1.2468160870149845,2458340.8247222,g,g,-634.0729282719002,True,0
219,20.974420404372697,-1.871350955718783,2458343.6821759,g,g,-631.3017147374044,True,0
220,20.860969832494185,-0.7684310394474987,2458346.6597685,g,g,-628.4139881875907,True,0
221,20.49643550959892,0.4916781994590767,2458349.6625463,g,g,-625.5018365466916,True,0
222,20.6235896896528,1.4937239646257,2458349.6634838,g,g,-625.5009273411314,True,0
223,20.70659097392454,-2.32517145202666,2458349.6696528,g,g,-625.4949445261584,True,0
224,20.52075335864556,1.2838871042804942,2458349.6909259,g,g,-625.4743134649655,True,0
225,19.28408121994239,2.7235691467751657,2458359.6547685,g,g,-615.8111873495585,True,0
226,20.850644204948917,-0.8766313813305686,2458360.6399769,g,g,-614.8557133018634,True,0
227,20.62341755515381,2.555324186621052,2458360.6626505,g,g,-614.8337240087766,True,0
228,21.0870438297958,1.4771878438617507,2458361.6526042,g,g,-613.8736478779796,True,0
229,20.92989480104987,2.631286676878212,2458361.6691551,g,g,-613.8575964970065,True,0
230,21.13193788730353,0.8492619511021176,2458361.6942014,g,g,-613.8333061135953,True,0
231,20.872883367947505,0.3805463824823513,2458362.7040278,g,g,-612.8539570564035,True,0
232,20.58487500824129,1.6156629330373922,2458362.7130093,g,g,-612.84524662475,True,0
233,20.573299025205504,-0.5362191857103136,2458362.7347801,g,g,-612.8241328843529,True,0
234,20.74980523283688,-1.1486361415603632,2458363.6527431,g,g,-611.9338747184611,True,0
235,20.886577628234512,0.9181648000332614,2458363.6824537,g,g,-611.9050608076776,True,0
236,20.86325316748707,-2.9296774021555034,2458363.7054398,g,g,-611.8827684459203,True,0
237,20.934738992919385,2.398529479115749,2458364.7019792,g,g,-610.9163053766761,True,0
238,20.958487414648555,-1.1531327030077383,2458364.7029167,g,g,-610.9153961711158,True,0
239,21.00495152556569,-0.6628117995029021,2458364.7142361,g,g,-610.9044183991039,True,0
240,20.839261514954984,0.9197233411702216,2458364.7355671,g,g,-610.8837311855145,True,0
241,20.75813467622918,2.348908857935765,2458365.7147106,g,g,-609.9341389941808,True,0
242,20.83404591758401,-2.5504725876617425,2458365.7320833,g,g,-609.9172906157961,True,0
243,20.909680974752312,3.972445387093371,2458365.7559606,g,g,-609.8941339513376,True,0
244,20.979939858977463,0.8427892490204836,2458366.695625,g,g,-608.9828293503381,True,0
245,20.95294103065265,0.7402470574352132,2458366.7244907,g,g,-608.9548348398482,True,0
246,20.722565567071083,-0.5337696931267706,2458366.7362616,g,g,-608.9434191943958,True,0
247,20.94227411774155,-1.060624575098378,2458367.7155093,g,g,-607.9937259482582,True,0
248,20.891466928335227,1.0474505833566794,2458367.7164236,g,g,-607.9928392426754,True,0
249,20.825790559262124,0.8810518348792962,2458367.7462269,g,g,-607.9639354295298,True,0
250,20.703881707135903,-8.984561839786316,2458367.7598843,g,g,-607.9506902200637,True,0
251,20.92516898628249,0.7774550099946875,2458368.6930093,g,g,-607.045727655104,True,0
252,20.989854205031715,4.816509732697423,2458368.7273148,g,g,-607.0124575217862,True,0
253,20.84140624053998,0.8126887075577203,2458368.7331944,g,g,-607.0067553726021,True,0
254,21.00463037106929,0.8207023587825665,2458369.7170602,g,g,-606.0525834044045,True,0
255,20.956219164700265,0.9521975850765146,2458369.7461921,g,g,-606.0243307276515,True,0
256,20.75426975061188,2.8067832930849157,2458369.7528125,g,g,-606.0179101363337,True,0
257,21.027068671283622,33.99383052611912,2458370.6727662,g,g,-605.1257213516245,True,0
258,20.88913909783121,0.931143892542544,2458370.6865741,g,g,-605.1123301844956,True,0
259,21.06298835334932,21.651053142042485,2458370.6941898,g,g,-605.104944332317,True,0
260,20.865376621613184,-3.907975654461446,2458370.7139468,g,g,-605.0857836136191,True,0
261,21.140476383047503,-0.4340540889570121,2458371.7045255,g,g,-604.1251013459325,True,0
262,21.0546087870878,0.6769545577008855,2458371.7269097,g,g,-604.1033927186345,True,0
263,21.053371870665003,1.1016539911503205,2458371.7336111,g,g,-604.0968935720388,True,0
264,20.999626962551464,-0.727281957057067,2458372.7254514,g,g,-603.1349877801326,True,0
265,20.85429517590464,0.4614242961656928,2458373.7030787,g,g,-602.1868660288411,True,0
266,20.858868639413902,1.7460686085678314,2458373.7161574,g,g,-602.1741820543089,True,0
267,20.767315599512397,0.983129842596146,2458373.7170718,g,g,-602.1732952516304,True,0
268,20.764922006368675,5.810054317588856,2458373.7338194,g,g,-602.1570531072308,True,0
269,20.74834341599015,1.3345338720582756,2458374.7050347,g,g,-601.2151498367464,True,0
270,20.673254720701927,1.1749854869555083,2458374.726875,g,g,-601.1939686939644,True,0
271,20.75757659138792,2.8592030597619167,2458374.7451852,g,g,-601.1762111100194,True,0
272,20.916038063409424,-0.9023617869237484,2458375.7135764,g,g,-600.2370467062043,True,0
273,20.82854310705949,0.6533945700435462,2458375.7372106,g,g,-600.2141258046755,True,0
274,20.15809271061649,-2.756778678654378,2458375.7904745,g,g,-600.1624694505458,True,0
275,20.773313952562795,-0.8717654343995467,2458377.7065509,g,g,-598.3042217200667,True,0
276,20.744501570586205,0.7565557524729253,2458377.7074653,g,g,-598.3033349173883,True,0
277,20.77035750885632,1.5876749250574584,2458377.7142708,g,g,-598.2967348126326,True,0
278,20.510821178344784,5.932158992566877,2458377.7449421,g,g,-598.2669891963117,True,0
279,20.96418441747121,0.5516736084939962,2458378.6506019,g,g,-597.3886629099479,True,0
280,20.834183202265763,-0.7938041696114011,2458378.6722454,g,g,-597.3676726276881,True,0
281,20.6799028596364,-0.7158366183786933,2458378.7075926,g,g,-597.3333922335547,True,0
282,20.65963190804976,-0.7565521404177399,2458379.6632639,g,g,-596.4065638331938,True,0
283,20.699432240279663,-3.5672072868694205,2458379.6832986,g,g,-596.3871337962429,True,0
284,20.839990025590083,-6.078531740128748,2458388.6126042,g,g,-587.7273215532426,True,0
285,20.86460379780044,20.519182794151487,2458389.6308565,g,g,-586.7398008959975,True,0
286,20.8773496329721,-5.672416881149236,2458389.6425926,g,g,-586.7284190005112,True,0
287,20.64308585594925,1.5740898008904165,2458389.6610648,g,g,-586.7105043060102,True,0
288,20.92468009818341,1.6302007010152058,2458390.6237963,g,g,-585.7768287879752,True,0
289,21.10311751747093,1.1022198736465365,2458390.6303819,g,g,-585.7704419466235,True,0
290,20.974794258214263,0.4665097505517684,2458400.6302546,g,g,-576.0723731473457,True,0
291,19.83609335949037,0.2960231395965306,2458431.5935532,g,g,-546.043570874379,True,0
292,20.39518696852512,-0.6313271716991541,2458493.0498264,g,g,-486.4420955853823,True,0
293,20.08277755571554,1.2318243253226977,2458512.00625,g,g,-468.0577915274605,True,0
294,20.53176471139161,1.1231976116905518,2458540.9778935,g,g,-439.9605346611113,True,0
295,20.58851794166849,1.5045660992827623,2458540.9988426,g,g,-439.940217821482,True,0
296,20.15298459361991,2.370180846868734,2458541.924213,g,g,-439.04277581637507,True,0
297,20.812082863646737,0.6775339610013273,2458541.9563773,g,g,-439.0115822599892,True,0
298,20.65586986312116,1.3121899297215345,2458541.9612153,g,g,-439.0068902745252,True,0
299,20.69088000367813,1.3504143783005893,2458541.9621181,g,g,-439.0060147218354,True,0
300,20.0764428482528,-0.28348809000406,2458543.9993981,g,g,-437.0302214094367,True,0
301,19.239398157559275,-1.66958658146834,2458544.0070949,g,g,-437.02275690488443,True,0
302,20.88412348047614,-1.739000701799319,2458544.0289583,g,g,-437.0015533592207,True,0
303,20.54559881292137,-0.4272755897635645,2458556.9458102,g,g,-424.47454205107783,True,0
304,20.385286692889085,-0.9528115683148932,2458556.9756597,g,g,-424.4455934321686,True,0
305,20.492743719870745,1.645941427769944,2458556.986956,g,g,-424.43463806349,True,0
306,20.56261693607348,-2.0351275401484448,2458556.9878819,g,g,-424.4337401079185,True,0
307,20.553285690493876,-1.2981196869186342,2458557.9647801,g,g,-423.4863254516764,True,0
308,20.23176804639691,1.3241660112451437,2458557.9864699,g,g,-423.46529026700904,True,0
309,19.83630050571619,-0.5432302766677058,2458558.0166319,g,g,-423.4360385794292,True,0
310,20.51395139906265,0.8613222572846555,2458558.9433565,g,g,-422.53728324528765,True,0
311,20.41053238041312,4.965031026993938,2458561.006875,g,g,-420.53604333145074,True,0
312,20.433947280226825,-5.410042984455878,2458561.0380556,g,g,-420.5058037859371,True,0
313,21.080099992565096,-0.4410850022671523,2458572.9864236,g,g,-408.91804678397165,True,0
314,21.038670188019708,-0.6663918782248449,2458572.9873495,g,g,-408.9171488284001,True,0
315,21.11974997229279,19.24332515695972,2458573.0028704,g,g,-408.90209636115844,True,0
316,20.698334462172536,-1.2584096446334552,2458573.0145949,g,g,-408.8907257156607,True,0
317,20.94442637098588,-0.5870335046957265,2458573.0222222,g,g,-408.8833286134934,True,0
318,20.60260628711918,2.6369268111805786,2458573.8947685,g,g,-408.0371164366116,True,0
319,20.68321096327557,-2.367939771013248,2458573.9700926,g,g,-407.96406567584444,True,0
320,20.98161490854612,-3.112679169499136,2458573.9846644,g,g,-407.9499336641517,True,0
321,20.953653794646364,-2.622219560723811,2458574.8779861,g,g,-407.08357310482927,True,0
322,20.78055421603972,-4.536655222287128,2458574.9137153,g,g,-407.0489222396404,True,0
323,18.956080580676485,9.58852515674557,2458575.0083333,g,g,-406.9571598845077,True,0
324,20.698973140980566,-1.305550757456219,2458575.9977894,g,g,-405.99756633536754,True,0
325,20.65697024935357,-5.617941031016847,2458575.9987153,g,g,-405.996668379796,True,0
326,19.49201693359053,-0.7932661662209544,2458576.0160069,g,g,-405.97989865378486,True,0
327,20.241397355738453,-1.7305777597670688,2458576.0243634,g,g,-405.97179435947254,True,0
328,20.275328258686915,1.5470880486851613,2458577.9951968,g,g,-404.06044223725166,True,0
329,21.12960176247604,-2.563571640246619,2458580.9154514,g,g,-401.2283231824679,True,0
330,20.827130946555368,-6.0701811858032695,2458580.9339583,g,g,-401.21037483509633,True,0
331,20.561394797562496,-7.564432124960735,2458580.9431134,g,g,-401.20149604289804,True,0
332,20.542888327019764,1.4727477162904483,2458580.9440278,g,g,-401.20060924021965,True,0
333,20.896989246934588,1.6732292297500724,2458581.9700694,g,g,-400.20553437025114,True,0
334,20.779969724269403,-2.30395550602099,2458581.9973495,g,g,-400.17907760464135,True,0
335,20.98890362688005,7.506374356115821,2458582.8941435,g,g,-399.30934954223426,True,0
336,21.16218087102684,-0.6963360352805791,2458582.9970139,g,g,-399.2095838504974,True,0
337,20.671326724830102,-4.875910451132518,2458583.9026389,g,g,-398.3312913140997,True,0
338,20.69966610649932,12.52519977807985,2458583.9372569,g,g,-398.29771811211134,True,0
339,21.034769805476387,10.421879006774516,2458584.9526968,g,g,-397.3129249744514,True,0
340,21.08185452428384,-2.624732373158521,2458584.9759491,g,g,-397.29037444688254,True,0
341,20.954762013805187,1.0195856538256225,2458584.9886343,g,g,-397.27807209629884,True,0
342,20.924667756582924,1.2126767637304865,2458586.9214699,g,g,-395.4035709714315,True,0
343,20.94468291869784,-0.5432512782142462,2458586.9556829,g,g,-395.3703905462849,True,0
344,20.824633327659235,1.599929466233727,2458586.9565972,g,g,-395.36950384025045,True,0
345,20.7889094748715,-5.360549329821866,2458586.9697685,g,g,-395.35673006045147,True,0
346,21.01107388763465,-7.131982367319891,2458587.9562153,g,g,-394.40005498851406,True,0
347,20.91927260233041,1.3222256433328077,2458587.9656366,g,g,-394.39091803095596,True,0
348,20.43267306394973,3.3019088517260227,2458587.9837616,g,g,-394.3733400570928,True,0
349,21.01672543866222,1.0940615486802956,2458588.975706,g,g,-393.41133330747846,True,0
350,21.00955427591321,-0.6475631421669336,2458588.9827894,g,g,-393.40446368982714,True,0
351,20.829529981472053,-0.8562288813400778,2458597.9653125,g,g,-384.6930400922003,True,0
352,20.62501302612056,-1.3907419719777157,2458597.9814583,g,g,-384.6773815851646,True,0
353,20.94537182492276,7.696969171616538,2458599.7866204,g,g,-382.9267006749685,True,0
354,21.117410272607056,-0.7243818481289931,2458600.8960532,g,g,-381.8507514157094,True,0
355,21.196398649712638,-0.4952363428859678,2458600.900625,g,g,-381.8463175965084,True,0
356,20.51400329556665,6.963061174164055,2458600.9015509,g,g,-381.84541964048526,True,0
357,20.83338667697457,11.411155030549136,2458605.987037,g,g,-376.9134174490918,True,0
358,20.544218420883865,-1.4459301689571489,2458606.9947569,g,g,-375.93611131596145,True,0
359,21.154123127590697,8.330380562050864,2458607.9133449,g,g,-375.04524701272834,True,0
360,21.15292734475056,-24.248651587605675,2458607.9213657,g,g,-375.03746828661235,True,0
361,21.035968266605693,5.048320796947047,2458608.9064236,g,g,-374.0821401970317,True,0
362,21.152202307673143,4.605429793295828,2458608.9371875,g,g,-374.05230477544404,True,0
363,21.165711588769973,8.341665696464752,2458608.941794,g,g,-374.047837302921,True,0
364,21.3166581016215,inf,2458612.8984606,g,g,-370.21058596461006,True,0
365,21.240439233901256,0.7639586023437479,2458616.9532986,g,g,-366.27812611525655,True,0
366,21.19814440818121,1.0650637577864484,2458616.9547222,g,g,-366.276745480481,True,0
367,21.142312503461063,-1.5488727226696477,2458616.9644444,g,g,-366.2673167042409,True,0
368,20.90515478935,1.8371363773366247,2458616.9853241,g,g,-366.2470671694494,True,0
369,20.742176530672097,11.981126278495765,2458617.9145139,g,g,-365.34592103726385,True,0
370,21.00881682185482,-1.2085769431013156,2458617.9221528,g,g,-365.33851268510784,True,0
371,21.23124339189628,-1.87144315938494,2458617.9448611,g,g,-365.3164897391506,True,0
372,18.84771133006832,-0.8870456651411637,2458618.9426736,g,g,-364.3487919932453,True,0
373,17.625789466653128,-4.22977391069182,2458618.9644907,g,g,-364.3276333499891,True,0
374,20.837725689968547,13.4269179720762,2458628.9583333,g,g,-354.63541265801,True,0
375,20.869063622079103,0.4322010932926267,2458632.9275,g,g,-350.78603848210173,True,0
376,20.84585962116043,11.16485980429748,2458632.9399421,g,g,-350.7739718944477,True,0
377,21.18517742560099,-49.08416547359595,2458635.9214352,g,g,-347.88246256473025,True,0
378,21.08707967081219,0.7856748906469015,2458635.9344213,g,g,-347.8698683954646,True,0
379,21.007066782679104,20.73886983669136,2458635.9432639,g,g,-347.86129267193695,True,0
380,20.64786317061581,-1.0960749141738433,2458635.9747106,g,g,-347.8307950577074,True,0
381,21.190229293546174,1.0670933339718771,2458636.7903819,g,g,-347.0397413490703,True,0
382,21.26389704845356,-1.445074719963919,2458636.9503356,g,g,-346.88461517567356,True,0
383,21.282107656739672,-0.4860604668654902,2458637.7654051,g,g,-346.0941451044003,True,0
384,21.1074673776877,-1.4152555548584476,2458637.9427083,g,g,-345.92219305214456,True,0
385,21.218949752409863,-2.126590535662068,2458638.8470139,g,g,-345.045180095267,True,0
386,20.986834133945894,2.369191866268716,2458638.8488542,g,g,-345.0433953370171,True,0
387,21.137898003255216,2.279832654916253,2458638.8588079,g,g,-345.03374204738446,True,0
388,21.1260606819136,0.8345299218682312,2458639.758831,g,g,-344.1608823414663,True,0
389,21.096621902583856,946.0821002642838,2458639.9299884,g,g,-343.99489060420603,True,0
390,21.025214156429698,-4.929171957881209,2458639.9550463,g,g,-343.9705889712577,True,0
391,21.13007136953162,-1.2618880467186306,2458640.8359954,g,g,-343.11622759720444,True,0
392,21.149963404435955,17.815537391431622,2458640.8596991,g,g,-343.0932392932907,True,0
393,20.919557753993665,-0.756224264484715,2458641.696412,g,g,-342.2817790364016,True,0
394,20.838472698148,9.081391555277923,2458641.7126042,g,g,-342.2660755294111,True,0
395,20.79333642282596,-1.142497663883075,2458641.7135301,g,g,-342.2651775738396,True,0
396,21.10137624650552,-7.201855324035128,2458641.7469329,g,g,-342.232782896116,True,0
397,21.15893989806743,-3.50468412682813,2458642.8115046,g,g,-341.2003407942667,True,0
398,21.14403262508796,0.6309406697357999,2458642.8885532,g,g,-341.1256175809453,True,0
399,21.06852116563225,-2.2583343650681504,2458642.9151157,g,g,-341.09985675749175,True,0
400,21.135329321095245,4.394770695609429,2458643.8178704,g,g,-340.224347893527,True,0
401,21.099273857123052,3.426363968230054,2458643.8523495,g,g,-340.1909093992129,True,0
402,20.771368502181524,0.8232146588136258,2458643.9275926,g,g,-340.11793719417534,True,0
403,20.592061494324238,-1.459397408183468,2458644.7078935,g,g,-339.361186379649,True,0
404,20.772408196016052,4.022896086294767,2458644.7186343,g,g,-339.35076974547513,True,0
405,21.053378398773564,-1.1615281952697032,2458644.841794,g,g,-339.23132710051306,True,0
406,21.068577008998908,1.0608796037508457,2458644.8427083,g,g,-339.2304403949302,True,0
407,20.50052241687487,64.67868545422722,2458645.7275,g,g,-338.37235239336934,True,0
408,20.533217818947776,-0.943600810491264,2458645.7279514,g,g,-338.37191461702446,True,0
409,20.535542329942395,6.626047496485636,2458645.746088,g,g,-338.3543253936242,True,0
410,21.0664985931314,-10.113976222966896,2458645.9093403,g,g,-338.19600017433146,True,0
411,20.63626286530792,0.6657486425210081,2458647.8904514,g,g,-336.2746805413658,True,0
412,20.87486134762277,-1.8730583855342915,2458657.708044,g,g,-326.75339048793376,True,0
413,21.16374826958237,-2.1783193743619367,2458657.7192593,g,g,-326.74251367453326,True,0
414,21.150888014567595,-1.031874615565303,2458657.7387847,g,g,-326.72357756587184,True,0
415,20.959472796867963,2.216865322916141,2458657.7396991,g,g,-326.72269076319344,True,0
416,21.064891069847505,2.6978871858723554,2458658.7188079,g,g,-325.77313222518177,True,0
417,21.02542536156767,1.4440888483924517,2458660.8422222,g,g,-323.71380421300427,True,0
418,21.115671845688283,2.616763538100109,2458662.7285301,g,g,-321.8844265457048,True,0
419,21.001372797120545,2.8228949095063505,2458665.7082639,g,g,-318.99462341895924,True,0
420,21.169808899493447,-0.4292857016714766,2458665.7146528,g,g,-318.988427341034,True,0
421,20.973037700421077,-108.21295763503848,2458666.7150926,g,g,-318.0181815889815,True,0
422,21.096641194344155,-5.105227489094581,2458666.7165278,g,g,-318.0167897042173,True,0
423,21.204101686015203,5.303443745005165,2458666.7391898,g,g,-317.9948116611192,True,0
424,21.12403625841188,-2.1958502168957024,2458667.8210648,g,g,-316.9455884861745,True,0
425,21.105335913838857,2.675390730985953,2458667.8419907,g,g,-316.92529414607094,True,0
426,21.1548432762929,1.0654469851827333,2458670.7837731,g,g,-314.0722970167242,True,0
427,20.786041981690744,-4.213699381682646,2458671.7853356,g,g,-313.100962448578,True,0
428,21.21962040533097,-2.5783965418810704,2458672.8171181,g,g,-312.1003199433602,True,0
429,21.21485435572825,-1.8633597112525209,2458673.8089931,g,g,-311.1383804985836,True,0
430,20.90839970363208,-0.8879551412288413,2458674.8177894,g,g,-310.1600304522188,True,0
431,21.04774977784048,-14.16859027523009,2458674.8540162,g,g,-310.1248970049214,True,0
432,20.61278156650337,-1.2717688569636758,2458675.819838,g,g,-309.1882244548573,True,0
433,20.59799033480152,2.050155067723449,2458675.8286227,g,g,-309.17970488372583,True,0
434,20.859948783425384,13.725325855890633,2458675.8538542,g,g,-309.15523489023275,True,0
435,21.044597134494825,-1.3501853508887054,2458683.6877778,g,g,-301.5577451701726,True,0
436,20.819170498127846,28.18314433086829,2458683.7027662,g,g,-301.5432091316494,True,0
437,21.13013845803011,-0.9612243913002896,2458684.6922801,g,g,-300.58355952720865,True,0
438,20.66271742646252,5.6266225097053,2458684.7284491,g,g,-300.54848213566356,True,0
439,20.71489506918293,1.8503978258542115,2458684.729375,g,g,-300.54758418009203,True,0
440,20.96740286827607,-1.511304091755559,2458685.6707639,g,g,-299.63460712608656,True,0
441,21.104542111566957,-5.973368286659763,2458685.7011111,g,g,-299.6051758279733,True,0
442,19.966670343353115,-3.5653018816557607,2458686.6873148,g,g,-298.6487365194172,True,0
443,20.912808360731898,0.7480101992908101,2458686.7039583,g,g,-298.63259533317745,True,0
444,20.91852851861105,2.4116516965844625,2458686.7865741,g,g,-298.5524729417954,True,0
445,21.10112729719912,14.724535974129722,2458688.8022338,g,g,-296.5976474125823,True,0
446,21.17389391166365,6.285830687922212,2458690.7772454,g,g,-294.68224319175306,True,0
447,21.04588682926446,2.7748270513102256,2458691.7256366,g,g,-293.7624751724699,True,0
448,20.86646734269536,2.823709898120978,2458691.8100231,g,g,-293.6806355223183,True,0
449,21.05644907946561,-1.131917824448577,2458692.6913194,g,g,-292.8259374271756,True,0
450,21.200900115821952,-2.279028782622694,2458692.7210069,g,g,-292.79714591882237,True,0
451,20.91785906643808,1.2478525441225456,2458693.7379514,g,g,-291.8108935911088,True,0
452,21.15846485380272,0.8197767187668554,2458693.7575347,g,g,-291.7919013305028,True,0
453,20.956680699916724,-4.7590568715274735,2458693.7741319,g,g,-291.7758050466706,True,0
454,21.04481907880829,6.751622123839137,2458694.726875,g,g,-290.85181647113876,True,0
455,21.036217146712765,15.532661094193546,2458696.7705324,g,g,-288.86983823415954,True,0
456,21.01573669998392,-16.953932053370952,2458696.8334954,g,g,-288.80877550622,True,0
457,21.153790629385465,0.5438417568955225,2458697.7026736,g,g,-287.9658297771675,True,0
458,20.56037664131367,-0.7292423899803259,2458698.7042477,g,g,-286.99448395903266,True,0
459,20.921259706001088,1.0615081220852876,2458699.679838,g,g,-286.0483377298693,True,0
460,21.00579657794389,-0.9215978645589296,2458699.7003125,g,g,-286.0284811661106,True,0
461,21.03860596029898,1.1458660828914462,2458700.7695486,g,g,-284.991515439342,True,0
462,19.120867135195347,-0.7976018138114633,2458701.7073843,g,g,-284.0819843470553,True,0
463,20.57656235011993,2.1005521269381235,2458703.6976968,g,g,-282.15174101948384,True,0
464,20.74597101226068,2.3475354802299795,2458712.6517361,g,g,-273.46794155838694,True,0
465,21.03662665847194,1.866489158802308,2458714.6535069,g,g,-271.52658575112923,True,0
466,21.07272276126849,-1.0437527605243582,2458715.6617361,g,g,-270.5487856892578,True,0
467,20.57627504086121,0.5012246524201939,2458715.7463773,g,g,-270.4666990261879,True,0
468,21.174158745069175,-2.774757215094446,2458716.6663657,g,g,-269.57447658860815,True,0
469,21.055744222558275,-0.9311832907418396,2458716.6831481,g,g,-269.55820069424254,True,0
470,20.516688263303298,-3.0214895681258733,2458716.7650926,g,g,-269.47872934260926,True,0
471,20.82670562767039,0.5181401383460431,2458718.6518171,g,g,-267.6489476489309,True,0
472,21.05787819776574,-0.4394030583799772,2458718.6757755,g,g,-267.6257123320989,True,0
473,21.023998580868373,-0.9919429939214878,2458718.6776157,g,g,-267.6239276709445,True,0
474,21.03660415191169,-1.287393491123072,2458718.767662,g,g,-267.5365990379172,True,0
475,21.17026673833652,2.199975852818462,2458720.6494792,g,g,-265.7115765378967,True,0
476,20.905946391618148,-2.0568790962915573,2458720.6775116,g,g,-265.68439017771163,True,0
477,20.88323864903388,-4.223818964940842,2458720.7660417,g,g,-265.5985319847266,True,0
478,18.05264070924476,-0.7800921002101173,2458721.6545602,g,g,-264.73682966090223,True,0
479,21.0401067315792,4.4954315592956,2458723.6666551,g,g,-262.78546134294504,True,0
480,20.96614133074476,0.4593380685064938,2458723.6734722,g,g,-262.77884998820076,True,0
481,21.02093470510046,1.4190961095997594,2458723.6854167,g,g,-262.7672659826552,True,0
482,20.863164994652173,2.806079946175747,2458723.7652431,g,g,-262.68984880507196,True,0
483,20.977963237618383,1.0891058124998938,2458725.6876157,g,g,-260.82549489857837,True,0
484,21.031108919745897,-1.4644543683545574,2458725.6947106,g,g,-260.81861412803397,True,0
485,20.91531731150475,1.7938139609012758,2458726.6512847,g,g,-259.8909101754348,True,0
486,21.14157038108412,-8.741091673446569,2458727.6525116,g,g,-258.91990107838944,True,0
487,21.132350700404764,-0.9082039647717745,2458727.6863889,g,g,-258.88704622143916,True,0
488,20.926523968948665,1.6140291902682542,2458728.6440625,g,g,-257.9582759522722,True,0
489,19.90388423576423,2.4623756196826534,2458729.648588,g,g,-256.9840678097824,True,0
490,18.34039129231114,-0.5306780191855162,2458730.748669,g,g,-255.91718810614807,True,0
491,20.728669728025118,2.342931421332461,2458732.6659838,g,g,-254.05773935142685,True,0
492,20.62048977359513,1.2300096438784052,2458732.6875579,g,g,-254.03681637445635,True,0
493,20.530691239277843,-0.9019891811895856,2458733.650706,g,g,-253.10273682959092,True,0
494,20.54575195520984,1.0003275768314064,2458733.6698032,g,g,-253.0842159982003,True,0
495,20.656348357916904,4.284904051194995,2458743.6228241,g,g,-243.43158497560134,True,0
496,20.78504468854099,4.34762495993906,2458743.6411574,g,g,-243.41380498877456,True,0
497,20.720101187856155,2.466598459058034,2458743.6444213,g,g,-243.41063959574905,True,0
498,20.993283504638743,-0.4509508600820242,2458744.6361111,g,g,-242.44887976150588,True,0
499,20.75335499280827,0.5535886431073918,2458745.6314583,g,g,-241.48357291074018,True,0
500,20.93367547661128,-7.868108624852749,2458747.6418634,g,g,-239.53384339337,True,0
501,20.617201163169973,2.2302628277910888,2458750.6401736,g,g,-236.62602451686803,True,0
502,20.660541186732686,0.5758294350897909,2458758.6436343,g,g,-228.86411445774976,True,0
503,20.53982602146864,14.729411649469542,2458775.621331,g,g,-212.39881779047926,True,0
504,20.45921479740201,3.5269980480532324,2458778.621713,g,g,-209.48898964233473,True,0
505,20.037185598495363,-1.2583285967337656,2458781.611713,g,g,-206.58923015728593,True,0
506,20.551108092669534,8.077126013466945,2458785.615463,g,g,-202.70631643271136,True,0
507,19.777382219485894,2.726572242491753,2458852.0510648,g,g,-138.2757925361576,True,0
508,20.96167780030673,-0.6879548388001446,2458874.0565046,g,g,-116.93449394801046,True,0
509,20.862110399308914,-0.975485698610912,2458877.0353588,g,g,-114.04554387442889,True,0
510,20.07423088558062,0.2767003498987831,2458880.0064699,g,g,-111.16410320825872,True,0
511,20.62610726039665,1.4571044255464216,2458895.0583912,g,g,-96.56646054773,True,0
512,20.69882771608928,0.7704190333060502,2458899.0597569,g,g,-92.68585916256535,True,0
513,20.48346248754917,-2.1861468563543784,2458905.054838,g,g,-86.87171425248548,True,0
514,21.18045496619188,-7.225373662371697,2458909.0408333,g,g,-83.00601937689956,True,0
515,20.596799825088443,15.727620917605606,2458912.0355208,g,g,-80.10171386450126,True,0
516,21.03928603789392,3.531469676791088,2458936.9920718,g,g,-55.89837089762038,True,0
517,19.12078407933787,1.5154677108076051,2458939.9706366,g,g,-53.00970148937602,True,0
518,20.48273920009285,0.9284523980437974,2458943.9451157,g,g,-49.15517524632418,True,0
519,20.08112402604233,26.011060514329174,2458956.8924537,g,g,-36.59859793239377,True,0
520,20.994296770790235,-0.7311564877455162,2458964.8843519,g,g,-28.847901408217133,True,0
521,21.129409369871297,0.9767049385939812,2458967.933912,g,g,-25.890379393024116,True,0
522,21.063224796104016,-7.904907559446134,2458970.9455324,g,g,-22.969652028597267,True,0
523,21.005614706204987,0.7731313071931184,2458970.9464699,g,g,-22.968742823037047,True,0
524,21.1362346760358,-3.748369428279864,2458972.9648843,g,g,-21.01124573289563,True,0
525,20.9112902954376,-5.704695920201715,2458973.9651389,g,g,-20.041179590924923,True,0
526,20.751704839985216,-1.0610452361873126,2458973.9660764,g,g,-20.040270385364703,True,0
527,21.00652891179956,2.582874479844784,2458985.9229745,g,g,-8.44424072854219,True,0
528,20.86199470175052,0.5152049573491583,2458985.923912,g,g,-8.443331522981973,True,0
529,21.35608885245052,-0.6959478215799281,2458987.9092593,g,g,-6.517903541464557,True,0
530,21.173284700546542,9.503739174422089,2458987.9101968,g,g,-6.516994336355945,True,0
531,20.886341725857463,0.5220157432922066,2458991.8196412,g,g,-2.725539995339041,True,0
532,20.98658964412349,0.8229878101027812,2458991.8206481,g,g,-2.724563484037865,True,0
533,21.071459763718163,-0.547962691885087,2458992.831088,g,g,-1.7446194428495905,True,0
534,20.64208806575441,-3.702726948027572,2458992.8320255,g,g,-1.7437102372893716,True,0
535,19.47036815758142,-1.2080968505269596,2459076.7895833,g,g,79.679943459429,True,0
536,19.68909115155781,0.3317073691762662,2459082.6949537,g,g,85.40708520848557,True,0
537,20.585758729510875,0.2749131886014342,2459086.7016782,g,g,89.29288366074849,True,0
538,20.114748801548217,2.042783447220444,2459106.6812269,g,g,108.66943411044218,True,0
539,20.36674325295889,0.3260285836179555,2459107.6514931,g,g,109.61041692537778,True,0
540,19.32975579004273,3.441442805258838,2459108.7646991,g,g,110.69002550640356,True,0
541,20.86605888505376,0.3323972919178751,2459113.6779861,g,g,115.45502570017277,True,0
542,20.386139498906168,4.57108064182358,2459128.6612616,g,g,129.98609434409994,True,0
543,20.8371918536044,0.3525620804566484,2459130.6560764,g,g,131.9207040889391,True,0
544,20.73797256074004,0.297534609014461,2459135.6127546,g,g,136.72778590293498,True,0
545,20.62770384299168,0.8073241855528065,2459137.6500347,g,g,138.70357931197768,True,0
546,20.70510913352892,0.364437614098692,2459139.6132176,g,g,140.60751183205386,True,0
547,20.555275154877712,0.6994002102079975,2459143.6556019,g,g,144.5278938437647,True,0
548,20.718476897329406,-1.850637765627104,2459229.0129514,g,g,227.309092443404,True,0
549,20.93869937437028,0.9977409701833428,2459233.0495486,g,g,231.2238620141019,True,0
550,20.45573238099752,-0.8254939472962267,2459250.0323495,g,g,247.6941088330995,True,0
551,20.462381038741505,-1.6108685906541926,2459252.0295486,g,g,249.6310309178002,True,0
552,20.99699817890857,0.4980565595209498,2459254.0373958,g,g,251.5782797347641,True,0
553,20.79663390658751,1.1453945923057198,2459257.0364005,g,g,254.48677215099218,True,0
554,15.978734009213586,-0.585613868066547,2459261.010787,g,g,258.3412085887773,True,0
555,20.62724464320448,1.2059112445974958,2459264.9880556,g,g,262.1984401427236,True,0
556,20.520848276121846,-1.435226132680956,2459268.0302778,g,g,265.1488457210865,True,0
557,20.23003976424913,2.406947688632421,2459280.9115278,g,g,277.64132962217764,True,0
558,20.950533258930243,4.038853645020217,2459291.9888194,g,g,288.3842999844444,True,0
559,20.186486878586056,0.4519731785235025,2459297.9476736,g,g,294.16331135103457,True,0
560,20.64492189688332,5.090398981000454,2459308.8834259,g,g,304.7690141786533,True,0
561,20.91875042990214,0.7242874767683546,2459312.9257292,g,g,308.6893176350861,True,0
562,21.03609468182356,4.866308700012432,2459314.9131481,g,g,310.616754694055,True,0
563,21.1614577366064,0.7773505483347941,2459316.8702894,g,g,312.514827954391,True,0
564,20.7311789235506,-1.0972060852993255,2459319.9302431,g,g,315.4824298822168,True,0
565,20.599589769459637,1.5208007546136448,2459322.9263194,g,g,318.3880822794246,True,0
566,20.864433613580864,-12.880974198845,2459324.8855903,g,g,320.28822086670385,True,0
567,20.967740779125723,1.2461191737953974,2459341.8520023,g,g,336.7425734152845,True,0
568,21.09632875554614,2.362197796376752,2459343.894456,g,g,338.7233842813436,True,0
569,20.583476252949755,1.0874169486138563,2459356.9290972,g,g,351.36462991691,True,0
570,21.08664228539392,1.686570926526947,2459370.8912384,g,g,364.90538288452655,True,0
571,21.18692031325344,-0.888815064353244,2459376.8619444,g,g,370.6958883543,True,0
572,21.09791503036165,0.764652860376622,2459378.8418403,g,g,372.61602946300087,True,0
573,20.4554644561274,1.0911962738715664,2459382.8847569,g,g,376.53692770969064,True,0
574,21.020299786084465,1.781664529481804,2459403.7779051,g,g,396.7995045194904,True,0
575,20.97080359582704,-1.055793081707725,2459425.7548958,g,g,418.11321262307496,True,0
576,20.990043585989376,-1.1236604622144886,2459427.7571065,g,g,420.05499505423603,True,0
577,20.871292154881782,-1.865443133437474,2459429.7994097,g,g,422.0356599621806,True,0
578,21.063944683175063,0.7354938407514133,2459434.7444907,g,g,426.8314945883644,True,0
579,20.833942225405693,0.603425372766714,2459436.7383565,g,g,428.76518397475024,True,0
580,20.5279296925723,2.803458004273561,2459439.7670255,g,g,431.70244539935413,True,0
581,20.830681485559367,-0.7286390089774922,2459441.7631019,g,g,433.6382786679612,True,0
582,21.031058717047515,-4.859552478893296,2459454.705081,g,g,446.18965881769776,True,0
583,20.91465933845453,0.7878400415347498,2459457.7240625,g,g,449.1175251184805,True,0
584,20.28954224773029,4.599685438096309,2459460.7568287,g,g,452.0587600864148,True,0
585,20.63371756764223,-0.3693097759718378,2459462.7653472,g,g,454.00665994267587,True,0
586,20.95458096190858,-1.1285175716077154,2459468.6605556,g,g,459.72394638868457,True,0
587,20.81962862100109,1.0139594389519917,2459470.7060417,g,g,461.70769813437664,True,0
588,20.93763996904044,1.479102392763693,2459484.6756829,g,g,475.2557247460233,True,0
589,20.83496487042908,0.8802402382919219,2459486.6439005,g,g,477.16454001499005,True,0
590,20.860610328095497,0.7546111001473841,2459488.6360301,g,g,479.09654560083413,True,0
591,20.371341446924,2.330719192326873,2459521.6184722,g,g,511.0835520598948,True,0
592,20.83463530859739,0.8830954522916886,2459624.0368981,g,g,610.4109105632023,True,0
593,20.63337511178589,1.4882983262555074,2459637.0080324,g,g,622.9905659867646,True,0
594,20.2801309301254,0.2934452163141917,2459639.9324769,g,g,625.826748487241,True,0
595,21.086053957224344,1.5752154433108978,2459642.0179167,g,g,627.849248099138,True,0
596,20.7697692753473,0.579608654452112,2458198.9210417,r,r,-771.6938458179751,True,0
597,20.51605262216309,1.2186817649789778,2458198.9546296,r,r,-771.6612716268137,True,0
598,20.74573655036312,2.223989464192654,2458198.965162,r,r,-771.651057102699,True,0
599,20.481041071928768,0.3549092887995788,2458198.9947569,r,r,-771.6223554000642,True,0
600,20.47053932625912,5.207785514360442,2458198.995706,r,r,-771.6214349445153,True,0
601,20.55412377891708,0.8077763119847737,2458199.0187384,r,r,-771.5990976798987,True,0
602,20.356927196040097,1.292896392810339,2458199.0196875,r,r,-771.5981772248014,True,0
603,20.3613161930211,1.0307838381905852,2458199.028044,r,r,-771.5900729304891,True,0
604,20.060148514612877,-1.2705220924197271,2458216.8773958,r,r,-754.2794283885862,True,0
605,19.854189297527224,0.5442581876288183,2458216.9013079,r,r,-754.2562379741618,True,0
606,20.508270324402684,3.840489845517345,2458217.9081366,r,r,-753.2797961437325,True,0
607,20.567586964625796,0.6957567574212898,2458217.9234491,r,r,-753.2649457870016,True,0
608,20.479720405318325,0.8818601633718436,2458217.9457292,r,r,-753.2433381178633,True,0
609,20.443340406371703,1.2448710784893715,2458217.9726273,r,r,-753.2172518233091,True,0
610,20.199527762230957,-1.0459296221003518,2458218.9318634,r,r,-752.2869662112406,True,0
611,20.27041800999773,1.6615773665707183,2458219.8832755,r,r,-751.3642684652176,True,0
612,20.00297421520098,0.6637962041738328,2458219.9074884,r,r,-751.3407863292067,True,0
613,19.780886049483392,1.4924185229416056,2458219.9276852,r,r,-751.3211990846042,True,0
614,19.741898917053696,0.7561042896308595,2458219.9489699,r,r,-751.3005567729709,True,0
615,19.63887598866967,-1.653697101758165,2458219.949919,r,r,-751.2996363178737,True,0
616,19.558151878853167,2.9580883432538427,2458219.9645486,r,r,-751.2854482504287,True,0
617,19.5877133698274,-2.239573258867001,2458220.0166782,r,r,-751.2348919619296,True,0
618,20.555097302034227,-24.827419700620727,2458222.8830671,r,r,-748.4550128986394,True,0
619,20.237361124746325,-5.203704479658819,2458222.9070949,r,r,-748.4317102760664,True,0
620,20.309623669625964,5.35414410611023,2458222.9288889,r,r,-748.410574035692,True,0
621,20.28351029040717,-0.7110079527670563,2458222.9850116,r,r,-748.356145162474,True,0
622,20.07401899789617,1.227011764914811,2458223.0076389,r,r,-748.3342007717948,True,0
623,19.662086585543616,103.59329845899954,2458224.9311227,r,r,-746.4687692021007,True,0
624,20.26091633465517,-3.2870903668846267,2458226.9139352,r,r,-744.545799519011,True,0
625,20.30823977107654,-2.81291792733833,2458226.9226273,r,r,-744.5373697531463,True,0
626,20.30866769210782,1.1997806568178808,2458226.9426042,r,r,-744.5179957714961,True,0
627,20.2246361234384,1.070298936144915,2458226.9982292,r,r,-744.4640495770306,True,0
628,20.159142253212963,-4.324585616277197,2458229.9010995,r,r,-741.6487901506202,True,0
629,20.30291126849638,-1.2582520413877356,2458229.922963,r,r,-741.6275865078609,True,0
630,20.34419045410564,2.976680036645588,2458229.9239005,r,r,-741.6266773023007,True,0
631,20.561021328882937,0.2824173589629375,2458229.9434259,r,r,-741.607741194091,True,0
632,20.07599952128988,-27.46122047269845,2458230.9235764,r,r,-740.657172394812,True,0
633,19.295704987518587,7.405304755754789,2458232.883044,r,r,-738.7568430445579,True,0
634,19.754881550247795,-2.579482157940617,2458247.9195023,r,r,-724.174196698423,True,0
635,19.622962294832767,-12.066463962646052,2458247.9422338,r,r,-724.15215125294,True,0
636,20.290455235724647,-0.8796265168630613,2458255.7968981,r,r,-716.5345468033097,True,0
637,20.56355059153806,0.9060647622414804,2458255.9580093,r,r,-716.3782980643049,True,0
638,20.4168337859532,-0.6584265818242283,2458256.789213,r,r,-715.572180735533,True,0
639,20.46773066708375,-0.787809294796489,2458256.9427315,r,r,-715.423295542469,True,0
640,20.567371187577358,-3.154741873296353,2458256.977419,r,r,-715.3896549380958,True,0
641,18.677677656309463,2.7691188142793624,2458258.9127546,r,r,-713.5127292652184,True,0
642,16.346116103372186,0.6849796095126105,2458259.7972454,r,r,-712.6549330823394,True,0
643,18.72023583328758,4.33606489304698,2458261.8318519,r,r,-710.6817325818515,True,0
644,20.34388302534041,2.897946533481624,2458272.775787,r,r,-700.0680939171091,True,0
645,20.33979747592312,-27.1560367050773,2458272.81125,r,r,-700.0337012181833,True,0
646,20.30665850512596,1.3896674117470984,2458272.8303704,r,r,-700.0151578863637,True,0
647,20.42436482465984,2.4396714676597315,2458273.8369907,r,r,-699.0389181664451,True,0
648,20.406946900607377,112.61904655327496,2458273.8642708,r,r,-699.0124614012868,True,0
649,20.508342482482583,0.6198144627384231,2458273.9074653,r,r,-698.9705705444867,True,0
650,20.392489216016067,-1.2070493838773588,2458273.9079167,r,r,-698.9701327681419,True,0
651,20.595209769641222,-1.442985013809381,2458274.7965278,r,r,-698.1083406390508,True,0
652,20.665639160128084,-127.19929134543716,2458274.8308681,r,r,-698.0750367562185,True,0
653,20.46264453731554,-2.2840826293821737,2458275.8818171,r,r,-697.0558062105131,True,0
654,20.57010959359577,-0.7922775287394737,2458276.8110532,r,r,-696.1546151754684,True,0
655,20.48044346367247,-3.65822170364545,2458276.8304167,r,r,-696.1358360811707,True,0
656,20.52145887595511,-0.6434575205789366,2458277.7892361,r,r,-695.2059545930283,True,0
657,20.326143058239172,-3.2401764611996446,2458277.8806829,r,r,-695.1172677281072,True,0
658,20.46395352852033,0.6940206067006788,2458277.9112384,r,r,-695.0876344170304,True,0
659,20.45381975227649,-3.97270576291064,2458278.7766204,r,r,-694.2483703155307,True,0
660,20.580191766755163,-3.799464887866364,2458278.7964468,r,r,-694.2291422915434,True,0
661,20.341624006717243,0.9084462919937448,2458278.7973843,r,r,-694.2282330864348,True,0
662,20.50826855998908,-1.5926722198153536,2458278.8176042,r,r,-694.208623438499,True,0
663,20.54250519891909,-0.5964783731419419,2458279.7811343,r,r,-693.2741734230297,True,0
664,20.360003635713348,-1.730603383432479,2458279.8866782,r,r,-693.171814919382,True,0
665,20.32000148392356,6.3326086426761,2458279.9164352,r,r,-693.1429560090954,True,0
666,20.59863743732345,0.9905040699728224,2458280.8094676,r,r,-692.2768760180147,True,0
667,20.44984332377191,-0.6589442419017773,2458280.8323495,r,r,-692.2546847115127,True,0
668,20.524515103907465,-24.247712212883,2458280.8374769,r,r,-692.2497120607114,True,0
669,20.68682228159997,0.4034866047492317,2458280.8506366,r,r,-692.2369495304496,True,0
670,20.716182654114757,0.6608324268533167,2458280.851088,r,r,-692.2365117541046,True,0
671,20.43323362778716,1.1586939048195988,2458281.8182523,r,r,-691.2985372216385,True,0
672,20.58486996034345,-1.6793195159206469,2458281.8497569,r,r,-691.2679834545612,True,0
673,20.71100156031645,11.526591504622392,2458281.8506944,r,r,-691.2670742494525,True,0
674,20.522352159066177,-1.0544307414596827,2458281.8716204,r,r,-691.2467798122534,True,0
675,20.54033277464975,1.6565718542727863,2458282.800463,r,r,-690.3459704011574,True,0
676,20.338551242111684,0.5034090771626389,2458282.8171528,r,r,-690.3297843120585,True,0
677,20.429707901601763,1.4855399120807913,2458282.8396065,r,r,-690.308008281924,True,0
678,20.44577224636671,-4.777162168841992,2458283.818044,r,r,-689.3591007836611,True,0
679,20.59947643638792,-70.99623525489086,2458283.8393981,r,r,-689.3383911667385,True,0
680,20.549937500847133,-0.9669580578826446,2458283.8698032,r,r,-689.308903716229,True,0
681,20.542285415603008,-1.6809541633928622,2458284.7772685,r,r,-688.4288264215813,True,0
682,20.653136259740336,inf,2458284.8111806,r,r,-688.3959378151167,True,0
683,20.433939197652453,19.315251939132125,2458284.8121528,r,r,-688.3949949566859,True,0
684,20.297414106988565,-11.059064607236351,2458284.8148495,r,r,-688.3923796452493,True,0
685,20.395344080664145,-0.7335736424991154,2458285.8271991,r,r,-687.4105835400702,True,0
686,20.63972311580286,-0.7006568037516201,2458285.8932639,r,r,-687.3465126267566,True,0
687,20.3989705983831,-5.2432076972715205,2458286.8126968,r,r,-686.4548289236817,True,0
688,20.447326451422484,-0.8540436503798265,2458286.8177546,r,r,-686.4499237719093,True,0
689,20.662735975862965,0.757295346261922,2458287.7698148,r,r,-685.526597486115,True,0
690,20.684744702223323,3.663318996096128,2458287.7760532,r,r,-685.5205473658526,True,0
691,20.447972312556395,-0.8380482032124049,2458288.789537,r,r,-684.5376512916868,True,0
692,20.41806862345554,-0.6683250818789584,2458288.7996065,r,r,-684.52788569681,True,0
693,20.56427478151734,1.2473231674070389,2458288.8168634,r,r,-684.5111496236693,True,0
694,20.383014984732768,3.0853285639859074,2458289.7445139,r,r,-683.6114963339563,True,0
695,20.509328527505243,1.378732426483874,2458289.7670718,r,r,-683.589619249018,True,0
696,20.127550819186133,-4.348835479457097,2458290.8254745,r,r,-682.56315996169,True,0
697,20.34484300499733,1.5524661259524266,2458290.8391551,r,r,-682.5498922531499,True,0
698,20.380675738268128,-0.8959650310219105,2458290.8686227,r,r,-682.521314007749,True,0
699,20.57234186892096,-2.115116118927098,2458290.8695486,r,r,-682.5204160521774,True,0
700,20.328445180200443,3.183244317723764,2458291.7911921,r,r,-681.6265884668812,True,0
701,20.33809289818526,-3.846361974943302,2458291.7983218,r,r,-681.6196739468223,True,0
702,20.24464555904894,25.73535593098953,2458291.8294676,r,r,-681.5894681508231,True,0
703,20.227532049348447,1.296301773085287,2458292.7728009,r,r,-680.6746053804079,True,0
704,20.252676763341405,1.432199940643186,2458292.7959259,r,r,-680.6521783109762,True,0
705,20.202513103411345,0.5736310989905394,2458292.8173958,r,r,-680.6313563892611,True,0
706,20.348225701014783,-1.0740836166959202,2458301.6873264,r,r,-672.0291271625156,True,0
707,20.50997411658357,3.629322762929599,2458301.6964468,r,r,-672.0202820231879,True,0
708,20.615921003726523,1.1034726687074312,2458301.7083565,r,r,-672.0087317671567,True,0
709,18.68511338024045,1.843757077656688,2458302.7984722,r,r,-670.9515166031437,True,0
710,18.720067426217515,3.4898056778543083,2458302.8518634,r,r,-670.8997367908768,True,0
711,20.394735296277343,0.631644411246181,2458303.8003472,r,r,-669.979878966327,True,0
712,20.491159285921217,-2.10464463139102,2458303.8012847,r,r,-669.9789697607667,True,0
713,20.36858446024736,0.5428039568846269,2458303.8174537,r,r,-669.9632887537537,True,0
714,20.346872564290912,4.178016306699287,2458303.8528935,r,r,-669.9289185543536,True,0
715,20.371520374710588,-7.244661056745462,2458304.8316088,r,r,-668.979741639839,True,0
716,20.226854203024715,-5.50630004028747,2458304.8380093,r,r,-668.973534311925,True,0
717,20.316786672295443,5.009957362119906,2458304.873044,r,r,-668.9395569864623,True,0
718,20.59788605747165,0.4731891294245059,2458305.8383333,r,r,-668.0034008651166,True,0
719,20.22337932822084,1.2467135432245209,2458305.8601042,r,r,-667.982287027624,True,0
720,20.383571952858752,0.6227201991747348,2458306.7034375,r,r,-667.1644061794171,True,0
721,20.612484258875448,0.6389257467191531,2458306.7043634,r,r,-667.1635082238456,True,0
722,20.271537966607887,-1.946855986034664,2458307.6957176,r,r,-666.2020738611549,True,0
723,20.18033331099715,-1.023862693536349,2458307.8620949,r,r,-666.0407179569625,True,0
724,19.76565331412392,0.8820124758104478,2458308.8298495,r,r,-665.1021709400255,True,0
725,20.169985355083515,0.9270980059707042,2458311.6943056,r,r,-662.3241663431564,True,0
726,20.089784001139684,2.2041340439937325,2458311.7264583,r,r,-662.2929840367592,True,0
727,20.387510334235984,-1.3786781172488245,2458312.7293519,r,r,-661.3203585420086,True,0
728,20.218742193344504,27.688585501398112,2458312.733831,r,r,-661.3160146247183,True,0
729,20.30991622251353,0.8008164462312775,2458313.7125579,r,r,-660.366826460215,True,0
730,19.99392764966402,49.583269633142784,2458313.7134954,r,r,-660.3659172551064,True,0
731,20.137040703432227,-2.2733160394947425,2458314.6868519,r,r,-659.42193740769,True,0
732,20.15355803064154,-3.3111516371638348,2458314.6918056,r,r,-659.4171332140775,True,0
733,20.18697925273805,-1.7697326123725925,2458314.7238542,r,r,-659.38605186584,True,0
734,19.916018954045875,-10.12518960077429,2458315.7387153,r,r,-658.4018200597577,True,0
735,20.250976646686446,5.106941965079905,2458315.8325926,r,r,-658.3107760492115,True,0
736,20.202849733498265,2.196127504090964,2458315.8399769,r,r,-658.3036146133298,True,0
737,20.409209614908555,1.5686425976673088,2458316.7255671,r,r,-657.4447522109787,True,0
738,20.18141208413694,-1.9839817581471804,2458316.7320486,r,r,-657.4384663277867,True,0
739,20.38812074672474,-0.5517021080518875,2458316.7329745,r,r,-657.4375683722152,True,0
740,19.95678162201713,11.063145752925346,2458316.7532407,r,r,-657.4179138218717,True,0
741,20.530547328224674,-1.638966414667013,2458318.7709491,r,r,-655.4611014234464,True,0
742,20.46540877357837,-0.5433308739807535,2458318.8409606,r,r,-655.3932029249171,True,0
743,20.39165540529349,1.7284592993601118,2458319.7476736,r,r,-654.5138552252962,True,0
744,20.3898053825124,1.3528902058134966,2458319.7533796,r,r,-654.5083214366568,True,0
745,20.2694373159595,1.6950992989887257,2458319.7794329,r,r,-654.4830544457521,True,0
746,20.125746821444203,-0.6682396068984927,2458319.7803704,r,r,-654.4821452401919,True,0
747,19.958391388824737,1.335866317914448,2458320.7562731,r,r,-653.5356960390019,True,0
748,20.25506495582122,1.197788734134433,2458320.8646181,r,r,-653.4306209749227,True,0
749,20.3207457906942,2.229404844321224,2458331.6701736,r,r,-642.9511855070582,True,0
750,20.215392445083083,-1.4401330595293138,2458331.6910532,r,r,-642.9309360693622,True,0
751,20.3976205807388,1.409673408696642,2458331.7120602,r,r,-642.9105630768851,True,0
752,20.446258965915945,2.130697452173497,2458336.7186806,r,r,-638.0550463570856,True,0
753,20.47409894788917,1.1081888828248383,2458340.6838657,r,r,-634.2095336139064,True,0
754,20.405159912995813,1.9347878033026915,2458343.6623727,r,r,-631.3209202614142,True,0
755,20.67315822088376,2.967754495667884,2458346.6806829,r,r,-628.3937050003804,True,0
756,20.399359299926907,-0.6344792891828045,2458350.6728588,r,r,-624.5220160602844,True,0
757,20.353849948901136,5.493372732193257,2458361.6391204,r,r,-613.8867247264492,True,0
758,20.279141547356147,6.226354633896383,2458361.6400579,r,r,-613.885815520889,True,0
759,20.431577268943865,-4.228282518405948,2458362.6366319,r,r,-612.9193188958698,True,0
760,20.56138531120021,1.5181770162784007,2458362.654838,r,r,-612.9016622700847,True,0
761,20.502275277524166,-0.9220020814227392,2458362.6735301,r,r,-612.8835343121797,True,0
762,20.385847468331605,1.0137229569982509,2458363.7179051,r,r,-611.870679358289,True,0
763,19.598371554097564,-484.9842515293794,2458363.7380787,r,r,-611.8511146132122,True,0
764,20.20095788566738,0.6473406592024643,2458363.7558218,r,r,-611.8339070137606,True,0
765,20.127489526851285,0.9859502344095152,2458364.6411343,r,r,-610.9753139305654,True,0
766,20.56629326859633,3.364883439327042,2458364.6589699,r,r,-610.9580166224912,True,0
767,20.64967151944571,0.4947102391529495,2458364.6599306,r,r,-610.9570849174052,True,0
768,20.61296249161929,0.8664880883827997,2458364.6722917,r,r,-610.9450968850292,True,0
769,20.35494958290937,1.6859641472043962,2458365.6338773,r,r,-610.0125326826136,True,0
770,20.534914716752287,-1.4831967002203426,2458365.6540972,r,r,-609.9929230351294,True,0
771,20.510639362501983,10.036891133739784,2458365.6768171,r,r,-609.9708888391834,True,0
772,20.3078155480864,-2.536240302276498,2458367.6738889,r,r,-608.0340902126198,True,0
773,20.200167339061608,-0.5573024831228797,2458367.7080903,r,r,-608.0009210370104,True,0
774,20.31066565255478,-7.672338892345636,2458368.6334375,r,r,-607.1035015323324,True,0
775,20.459370088919428,1.6709005890695632,2458368.6633565,r,r,-607.0744855105867,True,0
776,20.525882340208437,-6.772964455999817,2458368.6746644,r,r,-607.0635188919194,True,0
777,20.21336281169578,2.898702867765398,2458369.6420949,r,r,-606.1252861936418,True,0
778,20.576643257903463,0.750369978212552,2458369.6481829,r,r,-606.119381933947,True,0
779,20.4992963060239,0.7430081651480753,2458369.6727199,r,r,-606.0955854797285,True,0
780,20.34174713213562,1.7252321793993688,2458370.6356019,r,r,-605.1617640040305,True,0
781,20.296069976111003,-0.4844942512383811,2458370.6644213,r,r,-605.1338143959482,True,0
782,20.04150009800259,-1.9357344942584251,2458370.761713,r,r,-605.0394590347136,True,0
783,20.449496285680663,0.8717627795578612,2458371.6317477,r,r,-604.1956826558304,True,0
784,20.4317121057079,-2.955356135395874,2458371.6632639,r,r,-604.1651176387644,True,0
785,20.42753600772251,0.830505959331035,2458371.6852083,r,r,-604.1438355378226,True,0
786,20.41338942800078,133.04742105160116,2458372.6324769,r,r,-603.2251562379892,True,0
787,20.510070389444035,-2.193243761818416,2458372.6614699,r,r,-603.1970382689104,True,0
788,20.45905042927276,4.466869100260878,2458372.6870833,r,r,-603.1721979010058,True,0
789,20.50207153661247,-7.139174124780737,2458373.6407292,r,r,-602.2473337727843,True,0
790,20.60494761628325,1.2225288502603802,2458373.6641551,r,r,-602.2246148846707,True,0
791,20.598589360019098,1.0162480086290109,2458373.665081,r,r,-602.2237169290992,True,0
792,20.42009549352092,-1.268484373748633,2458373.6864931,r,r,-602.2029510626846,True,0
793,20.38812168408229,0.8899278036889293,2458374.643831,r,r,-601.274506361714,True,0
794,20.45767402772048,1.2126169968596443,2458374.6621296,r,r,-601.2567600277578,True,0
795,20.28610605028617,-1.7654451500214046,2458374.6855208,r,r,-601.2340747925147,True,0
796,20.350510572480896,1.43572373438435,2458375.6725347,r,r,-600.2768497360838,True,0
797,19.540962798405275,0.7643566095977142,2458375.7040625,r,r,-600.2462734694807,True,0
798,20.243357048385967,9.94629609233861,2458377.6283449,r,r,-598.3800674023522,True,0
799,20.238774889807207,-4.450430154285497,2458377.6437616,r,r,-598.365115990366,True,0
800,20.3371499095394,1.1588703422591695,2458377.6644213,r,r,-598.3450798160738,True,0
801,20.32169683661342,1.7867234816010356,2458377.6724884,r,r,-598.3372561875503,True,0
802,20.315695163648947,0.9801149482979716,2458378.6302431,r,r,-597.4084072655581,True,0
803,20.08764473368052,0.7332105156871427,2458378.7135532,r,r,-597.3276115290927,True,0
804,19.90097136923788,3.061928833412807,2458389.6142593,r,r,-586.7558971798297,True,0
805,20.387076656054028,-0.8513221628041692,2458389.6236574,r,r,-586.7467827217973,True,0
806,20.16097492034348,-10.33710001425654,2458400.6647338,r,r,-576.0389345563876,True,0
807,20.27670145382061,-1.4005077767177905,2458527.0281829,r,r,-453.4892321939669,True,0
808,20.078920443091903,-3.46047619224333,2458541.0076736,r,r,-439.93165334749136,True,0
809,20.198599118423303,43.03376203951503,2458541.0290394,r,r,-439.9109323839361,True,0
810,20.086166792374115,-2.4168329029509805,2458541.0505208,r,r,-439.89009930932787,True,0
811,20.304729077434587,29.64711115434601,2458542.0032407,r,r,-438.96613323377335,True,0
812,20.31975358927372,1.6403247748570955,2458542.027419,r,r,-438.9426846535374,True,0
813,18.11157597208267,3.4669247218078696,2458543.9445949,r,r,-437.08337060649046,True,0
814,18.055529373002067,0.4437840187681418,2458543.9748611,r,r,-437.0540178641068,True,0
815,20.48073029720511,-1.1303199569551072,2458548.027338,r,r,-433.12384785463746,True,0
816,20.41520354816061,9.256952522806792,2458557.0078009,r,r,-424.4144222786645,True,0
817,20.349168633299666,-0.798561239415485,2458557.0087153,r,r,-424.41353547598607,True,0
818,20.016423290394684,-0.4790150298701082,2458557.9198148,r,r,-423.5299336643416,True,0
819,20.00872393942753,-6.51040695484892,2458558.0247106,r,r,-423.428203700917,True,0
820,20.36392771136199,0.7833702386979573,2458559.0067824,r,r,-422.4757715881101,True,0
821,20.307234517186764,27.2813200871936,2458572.9343981,r,r,-408.9685021143108,True,0
822,20.41588315314513,-4.660176201861511,2458572.951713,r,r,-408.95170979122673,True,0
823,20.48887031531038,-0.8276446711019926,2458572.9727778,r,r,-408.93128074299733,True,0
824,20.41548826772186,-4.585808144479126,2458572.9736921,r,r,-408.93039403741443,True,0
825,20.35041858798236,2.259446562847096,2458573.9338194,r,r,-407.99924412264494,True,0
826,20.527029445361,-1.0567633257195317,2458573.9426852,r,r,-407.99064589959147,True,0
827,20.31443017750015,-0.6599393037740215,2458574.0060301,r,r,-407.92921279769195,True,0
828,20.26242664604218,-1.4215457856981228,2458574.9253241,r,r,-407.0376638022912,True,0
829,20.17535184304956,1.5589186836157551,2458574.943669,r,r,-407.0198725654758,True,0
830,19.66978587649478,-5.217243489590083,2458574.9627315,r,r,-407.001385386504,True,0
831,20.051068157100698,2.163593742748146,2458575.9208333,r,r,-406.07219984096946,True,0
832,20.519553423063822,235.8821533932378,2458575.9419676,r,r,-406.05170339035516,True,0
833,20.43713247554436,2.596561003812313,2458575.9545602,r,r,-406.03949084458657,True,0
834,19.91985895803141,-0.4272058718044021,2458575.9745023,r,r,-406.02015061290246,True,0
835,19.18060520392368,1.222223463074024,2458577.9082986,r,r,-404.1447177824975,True,0
836,20.055097679580587,1.0578886814465835,2458580.965162,r,r,-401.1801128867009,True,0
837,19.83434659480077,0.8123254557464423,2458580.966088,r,r,-401.17921483403376,True,0
838,20.23966320353403,0.5327224340313707,2458580.9875116,r,r,-401.1584378151778,True,0
839,20.256880512035316,2.45087969179839,2458581.0090856,r,r,-401.1375149353029,True,0
840,20.29626461388441,1.9093783268706035,2458581.9030671,r,r,-400.2705144891249,True,0
841,20.155931524440305,-0.7137775531631904,2458581.9581713,r,r,-400.21707337629357,True,0
842,19.88700999158702,-2.6181540103717644,2458582.9043981,r,r,-399.2994044339197,True,0
843,20.355510079758275,-0.9881394447676768,2458582.9246991,r,r,-399.2797161336102,True,0
844,20.378137519128074,-1.139206675851196,2458582.9501273,r,r,-399.2550553766906,True,0
845,20.25400254970324,1.545972040648241,2458584.8877315,r,r,-397.37592957164856,True,0
846,20.19217466228423,3.0669355710297213,2458584.9007292,r,r,-397.3633241523943,True,0
847,20.285734947055445,-0.8043937239247034,2458585.9046991,r,r,-396.3896548410532,True,0
848,20.488454648993294,-1.722821195284072,2458585.9259491,r,r,-396.36904618274195,True,0
849,20.16556394504529,-0.4709150687991524,2458586.8728009,r,r,-395.45077110302685,True,0
850,20.074120814892236,-0.782709875329774,2458586.8950579,r,r,-395.4291858367705,True,0
851,20.06256274508069,-1.3071324129742352,2458586.9904398,r,r,-395.3366826361707,True,0
852,20.4605693242348,-0.7052988233596524,2458586.9913889,r,r,-395.33576218062177,True,0
853,20.220069605950144,-1.7472094360326904,2458588.9120949,r,r,-393.47302457518947,True,0
854,20.268940253377448,1.459397456869052,2458588.9344213,r,r,-393.45137200319215,True,0
855,20.35565957951887,-7.619151106842292,2458588.9459375,r,r,-393.4402033711097,True,0
856,20.18925541154776,7.8724673870489985,2458597.8853009,r,r,-384.77063688031694,True,0
857,20.168971987391743,-1.894009772035244,2458597.902581,r,r,-384.75387830719893,True,0
858,20.3795520144968,-1.171370144008844,2458597.9270139,r,r,-384.73018281068863,True,0
859,20.40182579595917,-0.714188957418183,2458598.8559606,r,r,-383.82927244143275,True,0
860,20.291667559402693,-0.6201786747083127,2458600.9700347,r,r,-381.7790027348914,True,0
861,20.331455525798248,1.1618809095946672,2458605.8818171,r,r,-377.01546173072416,True,0
862,20.418645502213263,76.84986264455503,2458605.9027431,r,r,-376.99516729352507,True,0
863,20.57987811025772,1.3592973647379971,2458605.903669,r,r,-376.99426933795354,True,0
864,20.37101607103054,-0.9159537880308876,2458605.9270486,r,r,-376.9715953526991,True,0
865,20.605655363936734,0.4564419269290602,2458606.8095255,r,r,-376.11575228861483,True,0
866,20.4493652724341,-8.918158633041632,2458607.852581,r,r,-375.1041770113398,True,0
867,20.509592490487734,-4.456127235920002,2458607.862963,r,r,-375.0941083482441,True,0
868,20.395051501047504,-1.1504011787608015,2458607.8797454,r,r,-375.07783245387844,True,0
869,20.343867530061257,-1.519577309021881,2458608.8429398,r,r,-374.1437080066055,True,0
870,20.143373197808216,1.868847415083196,2458608.8614699,r,r,-374.12573715970825,True,0
871,20.32127019031826,0.6600673867038719,2458608.8623843,r,r,-374.1248503565782,True,0
872,20.062061170482075,-1.3300660996149511,2458608.8832986,r,r,-374.10456726646333,True,0
873,20.7013461754074,0.5630498620848885,2458608.9945255,r,r,-373.9966972804142,True,0
874,20.703793771254052,1.4972905525532,2458612.9234606,r,r,-370.186340484058,True,0
875,20.526825053098605,0.6795816776525031,2458612.9243866,r,r,-370.18544243139087,True,0
876,20.5104141987784,-1.1747847211996043,2458612.9582176,r,r,-370.1526324772998,True,0
877,20.34370189013454,-0.7631527257340532,2458612.9631019,r,r,-370.1478955889766,True,0
878,20.359893877731604,-1.1888423391717666,2458616.8955671,r,r,-366.33411523378345,True,0
879,20.335928050855514,-0.7494209838507654,2458616.9370139,r,r,-366.29391933041813,True,0
880,20.16040115660426,-4.334311334292542,2458617.8202083,r,r,-365.43738042127313,True,0
881,20.23943820442638,-1.4661496048205698,2458617.8392708,r,r,-365.41889324230135,True,0
882,20.32586141138132,-19.30534942412314,2458617.8614468,r,r,-365.3973865308715,True,0
883,20.35163099518724,-8.551371272347087,2458627.8946644,r,r,-355.6669792071696,True,0
884,20.657451256834623,0.6675909261791042,2458628.8610185,r,r,-354.7297904221265,True,0
885,20.34522139293869,-7.497278655280613,2458628.8619444,r,r,-354.72889246655495,True,0
886,20.19608100564473,1.2618453551241111,2458628.8950116,r,r,-354.69682325993216,True,0
887,20.474019276818307,1.452717669667705,2458632.7754167,r,r,-350.9335317904015,True,0
888,20.328792997177786,-1.046886326558235,2458632.7996644,r,r,-350.9100159048762,True,0
889,20.483301000134382,-1.028210960151675,2458632.8268403,r,r,-350.8836601945217,True,0
890,20.51205991408244,-1.614978069226627,2458632.8277662,r,r,-350.8827622389502,True,0
891,20.574757071156625,0.5645315689109812,2458633.8536458,r,r,-349.8878444795378,True,0
892,20.61126740153621,0.9852200330444456,2458633.8540972,r,r,-349.88740670319294,True,0
893,20.54542652284375,0.6919305907552104,2458634.8540625,r,r,-348.9176211303671,True,0
894,20.47940566031357,2.007723321871152,2458634.8545139,r,r,-348.9171833540222,True,0
895,20.401584958738997,-9.52564420426452,2458635.7828704,r,r,-348.0168453716899,True,0
896,20.555513804538982,-1.9322593685935177,2458635.8809954,r,r,-347.921681860602,True,0
897,20.51258788472921,-4.116769220735086,2458636.8209375,r,r,-347.01010794089785,True,0
898,20.590499806893234,-0.7461762515990245,2458637.8117477,r,r,-346.0492011598187,True,0
899,20.629280817058607,-2.187872748415083,2458637.8176042,r,r,-346.04352141351643,True,0
900,20.478595089797743,-0.4758279215774799,2458637.8489236,r,r,-346.01314725742407,True,0
901,20.58217593703469,0.8153343693477219,2458638.766794,r,r,-345.1229788967989,True,0
902,20.653321282262358,-1.4922486915266873,2458638.7850347,r,r,-345.1052887152388,True,0
903,20.54546360926693,2.5505382366587788,2458638.7859606,r,r,-345.1043907596673,True,0
904,20.365866783329903,-2.137266262746417,2458638.8064815,r,r,-345.0844891959539,True,0
905,20.49993935727306,-0.5501248330072681,2458639.7911574,r,r,-344.1295315774288,True,0
906,20.368404625595048,2.432635738331277,2458639.7993866,r,r,-344.12155074080204,True,0
907,20.562270293344632,-2.093703556149733,2458639.8320023,r,r,-344.0899194080713,True,0
908,20.34116805109496,-0.9012494013779078,2458640.7503588,r,r,-343.1992796182308,True,0
909,20.243528725499587,-17.211468742828206,2458640.7577894,r,r,-343.19207327949,True,0
910,20.29072507941868,-29.355913882909064,2458640.781713,r,r,-343.16887171217235,True,0
911,20.49437974768933,-3.037532383680888,2458641.7956019,r,r,-342.1855827640691,True,0
912,20.399775300403935,-5.345140882109757,2458641.8298032,r,r,-342.15241368600675,True,0
913,20.36484875190339,-0.463570130109767,2458641.8307176,r,r,-342.1515268833283,True,0
914,20.498879361155453,-1.6096954883007462,2458641.9067593,r,r,-342.07778018085645,True,0
915,20.571092792135104,-2.446845923290596,2458642.7440625,r,r,-341.2657474394966,True,0
916,20.44393986144457,-2.7827782024470613,2458642.7685185,r,r,-341.2420295405561,True,0
917,20.48971158015781,20.726318503541293,2458642.7797222,r,r,-341.2311639771442,True,0
918,20.233130971575967,-1.2466560671606886,2458643.7580903,r,r,-340.28232378371905,True,0
919,20.410141426586467,-0.9718440118874244,2458643.78,r,r,-340.2610753356478,True,0
920,20.314310444470788,1.9206689588600512,2458643.8022454,r,r,-340.2395013189285,True,0
921,20.18975925138607,-0.7238694637224176,2458644.7791435,r,r,-339.292086759782,True,0
922,20.396993494855973,-0.963842037849086,2458644.799294,r,r,-339.2725444175871,True,0
923,20.329047091622463,-0.710883083708701,2458644.8002199,r,r,-339.27164646201555,True,0
924,20.368692743719077,-0.3471182980107487,2458644.822419,r,r,-339.2501173481554,True,0
925,20.109774719562445,2.8195373085912983,2458645.790706,r,r,-338.3110539995957,True,0
926,20.297174694656245,-0.568151474817145,2458645.8109375,r,r,-338.2914331016711,True,0
927,20.290338532761947,3.446104547768235,2458645.8311458,r,r,-338.27183470372387,True,0
928,20.01230153068968,6.742506702745405,2458646.778588,r,r,-337.35298704289403,True,0
929,20.129934941347045,-0.7135806669244914,2458647.777338,r,r,-336.38438009142857,True,0
930,20.107110082882564,-0.4570880288682594,2458647.8094907,r,r,-336.35319778503134,True,0
931,20.158035184101355,10.764935048762686,2458647.8104167,r,r,-336.35229973236426,True,0
932,20.210345249145355,1.8002463263597177,2458654.7142245,r,r,-329.65685419715675,True,0
933,20.351966522366748,-1.1477328419338897,2458655.6955903,r,r,-328.7051067769691,True,0
934,20.26892396757856,-4.022419834034103,2458655.8168287,r,r,-328.5875274459866,True,0
935,20.28654791358646,1.1316542789975863,2458655.8172801,r,r,-328.58708966919016,True,0
936,20.28498315116731,0.6605043968830914,2458657.8451389,r,r,-326.6204332181572,True,0
937,20.38988595335284,3.784184357133992,2458657.8591204,r,r,-326.60687369048355,True,0
938,20.281812869403428,10.544447585893808,2458657.8751273,r,r,-326.5913498911221,True,0
939,20.13412597986101,-0.7288368055480979,2458657.9153009,r,r,-326.5523887615134,True,0
940,20.64530104914685,0.8050555359546729,2458658.7491435,r,r,-325.7437121770572,True,0
941,20.60576161572716,-0.6914564393439915,2458660.8217361,r,r,-323.7336720263,True,0
942,20.49098034501547,-1.1980807820983512,2458661.807037,r,r,-322.7781082704336,True,0
943,20.487697397018767,-0.9983762132894608,2458661.817338,r,r,-322.76811816261596,True,0
944,20.67826902644789,2.854819347105903,2458662.7494907,r,r,-321.86409855273075,True,0
945,20.39246675154832,2.213916312954794,2458663.8061806,r,r,-320.83930037222757,True,0
946,20.214810352878672,-0.8452525210166536,2458663.8071065,r,r,-320.83840241665604,True,0
947,20.50003480004589,-1.939924131668743,2458663.8181713,r,r,-320.8276715609185,True,0
948,20.29239806668952,-0.8099695952670406,2458665.8542245,r,r,-318.8530680232248,True,0
949,20.541431233031155,-2.370020825007783,2458666.7705671,r,r,-317.964381352179,True,0
950,20.428509324751857,-1.2013657136077207,2458668.822419,r,r,-315.9744559314435,True,0
951,20.53505774829261,-0.5900103018940631,2458669.8262384,r,r,-315.000932578217,True,0
952,20.499175140401288,-0.9762080961467025,2458669.8271528,r,r,-315.0000457755385,True,0
953,20.297687293962092,2.8114499935553,2458670.7986343,r,r,-314.0578843392426,True,0
954,20.472169224416096,1.4519695426347408,2458671.6929514,r,r,-313.1905584219638,True,0
955,20.17119822717181,-0.6417000031583653,2458672.7262616,r,r,-312.18843432381055,True,0
956,20.05479468250769,-0.8483048639388563,2458672.7271759,r,r,-312.1875476182277,True,0
957,20.379402724161555,-1.3628458797595715,2458673.7251852,r,r,-311.2196590113487,True,0
958,20.55117848921481,0.4996759092072977,2458674.7284606,r,r,-310.2466632397337,True,0
959,20.550571818362293,0.6620812592521027,2458674.728912,r,r,-310.24622546338884,True,0
960,20.37737432207741,-4.777417170581211,2458675.7542593,r,r,-309.2518239389554,True,0
961,20.18411928019056,2.2155828093262517,2458675.7557523,r,r,-309.2503759988905,True,0
962,20.076511651713744,-0.75183513818358,2458685.822963,r,r,-299.4870015129943,True,0
963,20.25333194477118,-1.1004892146651395,2458686.8054282,r,r,-298.53418787333436,True,0
964,20.095580647038076,-4.709447241226189,2458688.8634144,r,r,-296.5383132904965,True,0
965,20.287289976936613,2.745285996665166,2458691.6854167,r,r,-293.8014812049378,True,0
966,20.24975926769851,6.7973916321678844,2458691.6984722,r,r,-293.7888197299312,True,0
967,20.161596549476062,5.489255102994992,2458692.8250231,r,r,-292.6962690085617,True,0
968,19.79653521084822,1.3414458955254394,2458693.7147569,r,r,-291.83338806337696,True,0
969,20.10797801560289,-1.6010865590334866,2458694.7078009,r,r,-290.87031490009923,True,0
970,20.418386811256457,1.1290018431455304,2458695.7337731,r,r,-289.8753073354201,True,0
971,20.497446603128523,0.4224166556973923,2458695.734213,r,r,-289.87488071196833,True,0
972,20.171200862804007,-3.601727023248398,2458696.8473148,r,r,-288.79537318619793,True,0
973,20.1031061137692,-1.2633452220821046,2458697.6802083,r,r,-287.98761705729066,True,0
974,20.44928439854269,1.3599139453272635,2458700.6773264,r,r,-285.0809543021717,True,0
975,19.76243180722414,-0.333395201448477,2458703.6690046,r,r,-282.17956726652454,True,0
976,20.06868440645365,-23.974605535921707,2458720.6458565,r,r,-265.7150899020004,True,0
977,20.03527928275296,73.30347678408906,2458725.7462616,r,r,-260.7686189773731,True,0
978,20.153935269296458,-2.2020813301320543,2458728.6992245,r,r,-257.9047787841402,True,0
979,20.22262635182864,1.0469248863416842,2458728.7348495,r,r,-257.8702289742067,True,0
980,20.16721197630755,-1.769339906662938,2458734.6427315,r,r,-252.14065142760302,True,0
981,20.20399032274121,-0.6265704628741704,2458734.6436574,r,r,-252.1397534720315,True,0
982,20.14446817950393,-1.716210550099481,2458761.620463,r,r,-225.97712875295156,True,0
983,20.235585010898674,-0.9717451958703766,2458775.6021528,r,r,-212.4174171771479,True,0
984,20.17014421572596,13.358495636512826,2458874.0346065,r,r,-116.95573114654468,True,0
985,19.527390628095706,0.7691370386066905,2458880.0478819,r,r,-111.12394105440785,True,0
986,20.377305254826123,5.675579294334044,2458886.0464583,r,r,-105.30640633455384,True,0
987,20.26367921891045,0.9992629789428186,2458895.0289005,r,r,-96.59506119556109,True,0
988,20.29816322665932,-0.815305340773875,2458899.0246759,r,r,-92.71988139088727,True,0
989,20.397101540180707,-2.3723362127848864,2458905.0251389,r,r,-86.90051701037574,True,0
990,20.271582707068475,-3.686968433744033,2458909.012963,r,r,-83.03304852943297,True,0
991,20.25741754494358,1.622491392040588,2458912.0154282,r,r,-80.12120005429998,True,0
992,20.343129913934995,2.985320593111088,2458915.0345718,r,r,-77.19317654586561,True,0
993,20.204021019141,1.2337712418088171,2458937.0097801,r,r,-55.88119704768322,True,0
994,20.42015920355405,1.100668912326595,2458943.987963,r,r,-49.11362111106511,True,0
995,20.25453363997485,-0.4088493055741775,2458953.9528241,r,r,-39.449507234819954,True,0
996,19.59111843577445,0.6528252088054479,2458956.9859144,r,r,-36.50795794867799,True,0
997,20.295884738243195,-1.1916136250683869,2458964.9251042,r,r,-28.808379044126355,True,0
998,19.993735642995432,1.2776568367322847,2458967.8839931,r,r,-25.938791702206306,True,0
999,20.43851373148918,-1.4164302149677015,2458968.8947801,r,r,-24.958511036572506,True,0
1000,19.965571819380045,-0.9544965094511836,2458969.8713773,r,r,-24.011388296107956,True,0
1001,20.35610658620653,-1.0117200910578312,2458970.9105324,r,r,-23.003595701641153,True,0
1002,20.31441119767089,-0.5928759955840494,2458970.9114699,r,r,-23.002686496080933,True,0
1003,20.185023283963773,-0.5545470336186956,2458971.8982292,r,r,-22.045708355924567,True,0
1004,20.315345332521023,-1.0130147268095462,2458972.9353356,r,r,-21.039902630218506,True,0
1005,19.97096996143123,65.20350212040523,2458980.8148264,r,r,-13.398220963485349,True,0
1006,20.207796561937503,3.0666712242627945,2458981.9048264,r,r,-12.341118007620862,True,0
1007,20.27231823525663,-1.6918481998105412,2458983.8630556,r,r,-10.441989681157231,True,0
1008,20.52338045497269,-0.9937526743372432,2458983.8639931,r,r,-10.441080475597012,True,0
1009,20.38990887049908,-2.0589140377976576,2458984.9077083,r,r,-9.428865408561867,True,0
1010,20.4829539346566,-0.9998381829572376,2458984.9086343,r,r,-9.427967355894765,True,0
1011,20.60564931529691,-10.43752009675917,2458986.7961343,r,r,-7.597433567212299,True,0
1012,20.297020872429822,-1.473626984066417,2458986.8075231,r,r,-7.5863884899109735,True,0
1013,20.414629914368405,-0.9038990011023588,2458987.8408681,r,r,-6.584230642243341,True,0
1014,20.294350215232576,-0.7915245337560564,2458991.7739931,r,r,-2.7698104001945265,True,0
1015,20.30977292508812,0.6194332589697463,2458991.7853935,r,r,-2.758754073356128,True,0
1016,20.469948328196782,3.067376480695951,2458992.797338,r,r,-1.777350841662649,True,0
1017,20.538221650926346,-0.9090263869458788,2458992.8082639,r,r,-1.7667546935993113,True,0
1018,20.21648294407948,0.2759790963248592,2459098.6671296,r,r,100.89720847240542,True,0
1019,19.726174141441447,0.6848213926535053,2459106.6997454,r,r,108.68739370780237,True,0
1020,19.95735690258772,0.4010281830902574,2459109.6599074,r,r,111.55821572683504,True,0
1021,20.049135067435795,0.4456882576347724,2459112.6727546,r,r,114.48013286551537,True,0
1022,20.27224768491465,0.3655461864460693,2459113.6299537,r,r,115.40844295545574,True,0
1023,20.052953353634244,0.2750596219911798,2459128.6408565,r,r,129.96630508563064,True,0
1024,20.297356157997832,0.3475420771947103,2459137.5990856,r,r,138.6541678953246,True,0
1025,20.194571823797503,1.101014897168603,2459231.0260764,r,r,229.26145977218812,True,0
1026,20.121864071407774,-4.618806789524043,2459232.9936574,r,r,231.16965765382497,True,0
1027,20.14712185313526,-3.909759457861963,2459250.0111921,r,r,247.673589980055,True,0
1028,19.79742580143304,-12.417596886958302,2459251.9924074,r,r,249.59501066827602,True,0
1029,20.178904038412973,-28.459566701052047,2459254.0113542,r,r,251.55302409049196,True,0
1030,19.99959765454613,-0.880494902814408,2459256.9302662,r,r,254.38384106622982,True,0
1031,20.16861009467555,-2.7489984596293584,2459265.0361806,r,r,262.24511269315894,True,0
1032,20.186252665363224,-2.249684375708773,2459270.0238773,r,r,267.0822768445653,True,0
1033,19.933871816954763,1.5061303311045249,2459280.9502083,r,r,277.6788427146259,True,0
1034,20.2829386283792,16.76162512994405,2459291.9646296,r,r,288.3608402513154,True,0
1035,19.94643323956153,1.271328921061922,2459297.9264931,r,r,294.14277009465667,True,0
1036,20.223752427133707,-2.9716631090606027,2459308.9965972,r,r,304.8787698815639,True,0
1037,18.75057057064037,-2.945537565691358,2459310.9536921,r,r,306.7767981419452,True,0
1038,20.305702276103908,3.837807237386029,2459312.9028241,r,r,308.6671038290584,True,0
1039,20.347579452334948,-6.751579275973132,2459314.9577662,r,r,310.6600261851791,True,0
1040,20.273672260102703,-49.89841793231196,2459316.9026968,r,r,312.54625727370654,True,0
1041,19.800519918545547,0.7336734321697916,2459319.8957986,r,r,315.4490249436776,True,0
1042,20.258011910687003,-1.1353232034068912,2459322.7777083,r,r,318.2439563775656,True,0
1043,20.30849291338921,-2.0855346275696425,2459324.8423611,r,r,320.2462963574848,True,0
1044,20.460067904954578,-0.814057662826487,2459336.872419,r,r,331.91327779526085,True,0
1045,20.306288105841915,2.367832075066859,2459339.8413542,r,r,334.7926082320802,True,0
1046,20.236015844224823,-2.349178710025316,2459341.9122685,r,r,336.8010207346919,True,0
1047,20.45400281196398,2.189484841068896,2459345.9462269,r,r,340.7132311468011,True,0
1048,20.45934726942016,27.099440530649098,2459349.8246296,r,r,344.4745806504302,True,0
1049,20.39104004811843,1.089768280033555,2459353.9288426,r,r,348.4549253239983,True,0
1050,20.10680850940688,0.7376397034798463,2459356.8610185,r,r,351.2986058848019,True,0
1051,20.0749300664721,-107.05782765850194,2459364.8525116,r,r,359.0489095354928,True,0
1052,20.560553798445294,-6.762606279530386,2459368.883125,r,r,362.95787590220283,True,0
1053,20.303338549750727,-1.424521788721954,2459370.8565509,r,r,364.8717422801533,True,0
1054,17.990865329424327,1.241603311230484,2459372.8262847,r,r,366.7820279891623,True,0
1055,20.330510832149805,3.5432456407452912,2459374.7909838,r,r,368.68743094882916,True,0
1056,20.550109729757462,-5.731531746108399,2459376.8083796,r,r,370.64394018148835,True,0
1057,20.239585012280923,-0.481971181345734,2459378.8052894,r,r,372.5805816974958,True,0
1058,20.180899073586,-6.660580873916726,2459382.8735185,r,r,376.5260284934083,True,0
1059,20.26523045136207,6.456681951179012,2459396.8252199,r,r,390.0566567421768,True,0
1060,20.380293840766257,-1.945906538204104,2459401.8256597,r,r,394.9061793974663,True,0
1061,20.259329984937796,-21.61077285347056,2459403.8212037,r,r,396.8414963339988,True,0
1062,20.246467615589506,7.891240151214635,2459407.8062269,r,r,400.7062484482496,True,0
1063,20.13543446459898,-1.1918005601588466,2459427.7145833,r,r,420.0137552371846,True,0
1064,20.302933438192664,-1.5644221722869538,2459434.6967361,r,r,426.78518125944754,True,0
1065,20.191840126699883,1.7555807294171448,2459436.7149537,r,r,428.74248748951845,True,0
1066,20.192669842534077,-1.5434981718491276,2459439.726088,r,r,431.66274342472997,True,0
1067,20.030964224804347,2.0052242659487125,2459460.7180093,r,r,452.0211122858407,True,0
1068,19.96010258356813,2.6040850466490464,2459462.6988542,r,r,453.94217375299485,True,0
1069,20.25224942439161,1.4038077398554458,2459466.6627894,r,r,457.7864743194905,True,0
1070,20.130032891964888,-0.862021128453879,2459468.717037,r,r,459.7787231363367,True,0
1071,20.083456413536567,1.8151766315889448,2459470.6530324,r,r,461.6562886960697,True,0
1072,20.16420431129682,2.9293201334601853,2459488.651412,r,r,479.111463263306,True,0
1073,20.176993788430806,-1.1351322550382152,2459490.6443866,r,r,481.04428834653913,True,0
1074,19.76317606449149,2.950805525687976,2459640.0128819,r,r,625.9047268022108,True,0
