,flux,flux_err,mag,mag_err,jd,band,sub,site,phase,filter
0,1.000241152940084e-16,1.0439265404526196e-17,19.43286761313359,0.11340889495819235,2458995.8753935,B,True,88,1.2453935001976788,B
1,1.6372966009919486e-16,8.179475302618243e-18,18.897713533250943,0.0542704027930013,2458996.8753935,B,True,88,2.245393500197679,B
2,2.4297783421383784e-16,7.006635494955222e-18,18.46903476518955,0.03131763999662765,2458997.8753935,B,True,88,3.245393500197679,B
3,3.24628650466548e-16,6.81284307069404e-18,18.15442318347443,0.022788175138271995,2458998.8753935,B,True,88,4.245393500197679,B
4,3.935450183918007e-16,7.198185485131906e-18,17.945368962545974,0.019859061779169036,2458999.8753935,B,True,88,5.245393500197679,B
5,4.3978737767026796e-16,8.63337896972717e-18,17.82473104204294,0.021313373244943246,2459000.8753935,B,True,88,6.245393500197679,B
6,4.594597658303912e-16,1.1138034817623295e-17,17.777213546653698,0.02631979353540999,2459001.8753935,B,True,88,7.245393500197679,B
7,4.553414918886768e-16,1.3555496107153279e-17,17.786989808669972,0.03232263378037612,2459002.8753935,B,True,88,8.245393500197679,B
8,4.342157121170582e-16,1.487180590212244e-17,17.838572052196458,0.037186699317111806,2459003.8753935,B,True,88,9.245393500197679,B
9,4.0282904675441157e-16,1.4630242960687163e-17,17.920037423894758,0.03943268576408663,2459004.8753935,B,True,88,10.245393500197679,B
10,3.6642586683284054e-16,1.2978471325268191e-17,18.022877221646507,0.038455325123405354,2459005.8753935,B,True,88,11.245393500197679,B
11,3.286823276695256e-16,1.056131537020278e-17,18.140904217382893,0.03488631087510571,2459006.8753935,B,True,88,12.245393500197679,B
12,2.9191242600308614e-16,8.538251237064967e-18,18.269715714247415,0.03175676976153926,2459007.8753935,B,True,88,13.245393500197679,B
13,2.5702739050358645e-16,7.675943130121827e-18,18.407901090053922,0.03242514090186502,2459008.8753935,B,True,88,14.245393500197679,B
14,2.235321210409066e-16,6.7124330119328646e-18,18.559504190381535,0.032603084367823325,2459009.8753935,B,True,88,15.245393500197679,B
15,1.9055522811730765e-16,5.41036372299675e-18,18.732809446751023,0.030826796892265765,2459010.8753935,B,True,88,16.24539350019768,B
16,1.5884192237672528e-16,4.929408961351724e-18,18.930454984524946,0.033695793657330865,2459011.8753935,B,True,88,17.24539350019768,B
17,1.3237986023285036e-16,4.8027965382953294e-18,19.128306375693242,0.039393409048550265,2459012.8753935,B,True,88,18.24539350019768,B
18,1.1432102864540184e-16,5.45734771239473e-18,19.28753257058037,0.051833490372547315,2459013.8753935,B,True,88,19.24539350019768,B
19,1.0270125467239503e-16,6.2718631934352e-18,19.40390140816462,0.06630683134226446,2459014.8753935,B,True,88,20.24539350019768,B
20,9.465106357827086e-17,6.2531067593741625e-18,19.492523437769034,0.07172881772733372,2459015.8753935,B,True,88,21.24539350019768,B
21,8.904778923106706e-17,5.0584496221808975e-18,19.558776824552297,0.06167466794148003,2459016.8753935,B,True,88,22.24539350019768,B
22,8.530610617699874e-17,3.573573299906243e-18,19.605383057673738,0.04548234281894855,2459017.8753935,B,True,88,23.24539350019768,B
23,8.249500265236021e-17,4.407802276575724e-18,19.64176395421812,0.058013436907966606,2459018.8753935,B,True,88,24.24539350019768,B
24,7.945263651299539e-17,5.39767895145449e-18,19.68256338876331,0.07376095719902358,2459019.8753935,B,True,88,25.24539350019768,B
25,7.458050498097705e-17,4.7145682565750625e-18,19.751275081320745,0.06863201079582189,2459020.8753935,B,True,88,26.24539350019768,B
26,6.775006742174423e-17,3.431550911842297e-18,19.8555697507294,0.05499303277266759,2459021.8753935,B,True,88,27.24539350019768,B
27,6.008494356971272e-17,5.250786500349334e-18,19.985934288653652,0.09489785751519302,2459022.8753935,B,True,88,28.24539350019768,B
28,5.285563582743809e-17,8.497183893451e-18,20.125119147142513,0.17456489510464748,2459023.8753935,B,True,88,29.24539350019768,B
29,4.751620743849239e-17,1.1288505683357528e-17,20.24073528807946,0.257952980022605,2459024.8753935,B,True,88,30.24539350019768,B
30,4.443338627629386e-17,1.3463710431465833e-17,20.313561324817922,0.3289941430801232,2459025.8753935,B,True,88,31.24539350019768,B
31,4.211622908203893e-17,1.5268159907642225e-17,20.371712078327914,0.3936135495649813,2459026.8753935,B,True,88,32.24539350019768,B
32,3.8905291762788866e-17,1.6886334187930365e-17,20.457819576052245,0.47126532087796313,2459027.8753935,B,True,88,33.24539350019768,B
33,3.4929681836339403e-17,1.836179863161188e-17,20.574858552582644,0.570771749905023,2459028.8753935,B,True,88,34.24539350019768,B
34,3.130653017682929e-17,1.97501291023363e-17,20.69375480819322,0.6849724270122406,2459029.8753935,B,True,88,35.24539350019768,B
35,2.88994458518203e-17,2.1265833856927427e-17,20.780611615582934,0.7989575460474593,2459030.8753935,B,True,88,36.24539350019768,B
36,2.805220409972528e-17,2.3271940559110487e-17,20.812914542696937,0.9007209542434039,2459031.8753935,B,True,88,37.24539350019768,B
37,2.862164288147436e-17,2.5418853407332636e-17,20.791097138021193,0.9642388006234798,2459032.8753935,B,True,88,38.24539350019768,B
38,3.01502812056471e-17,2.659718694341698e-17,20.734607206346865,0.957791326428825,2459033.8753935,B,True,88,39.24539350019768,B
39,3.2048646696489924e-17,2.5768352970227464e-17,20.668311253006397,0.8729869468483364,2459034.8753935,B,True,88,40.24539350019768,B
40,3.371666090138038e-17,2.2426336900135375e-17,20.613222317352413,0.7221812642048158,2459035.8753935,B,True,88,41.24539350019768,B
41,3.464349457051588e-17,1.671980490648765e-17,20.583777939503527,0.5240083055376057,2459036.8753935,B,True,88,42.24539350019768,B
42,3.449786651500156e-17,9.546750988761527e-18,20.588351827262862,0.3004521691643467,2459037.8753935,B,True,88,43.24539350019768,B
43,3.318762019038755e-17,3.7888811560903165e-18,20.630394759133214,0.12394678695624256,2459038.8753935,B,True,88,44.24539350019768,B
44,3.094390936801952e-17,6.6500033400537575e-18,20.706400706026656,0.2333569798103869,2459039.8753935,B,True,88,45.24539350019768,B
45,2.8438595610787943e-17,1.0438434108227922e-17,20.79806832709806,0.39854347532749856,2459040.8753935,B,True,88,46.24539350019768,B
46,2.668839501260522e-17,1.2801614074950443e-17,20.867027586475846,0.5208024928792353,2459041.8753935,B,True,88,47.24539350019768,B
47,2.6392176715167833e-17,1.4459676327472237e-17,20.8791441897308,0.5948490181383355,2459042.8753935,B,True,88,48.24539350019768,B
48,2.7269642663137514e-17,1.5302157415715654e-17,20.843635218993725,0.6092538387484375,2459043.8753935,B,True,88,49.24539350019768,B
49,2.839075268681128e-17,1.5055024372370243e-17,20.799890844480633,0.5757461894729385,2459044.8753935,B,True,88,50.24539350019768,B
50,2.8947335895855046e-17,1.3777176675693775e-17,20.77881054097713,0.5167454643677951,2459045.8753935,B,True,88,51.24539350019768,B
51,2.8785447903195026e-17,1.1208838923761425e-17,20.78489974200541,0.42277438286359675,2459046.8753935,B,True,88,52.24539350019768,B
52,2.817791647168139e-17,7.376501763072281e-18,20.80806050234041,0.2842200156210115,2459047.8753935,B,True,88,53.24539350019768,B
53,2.7256068857508217e-17,4.313955232887012e-18,20.84417570189009,0.17184253165037738,2459048.8753935,B,True,88,54.24539350019768,B
54,2.5854829004167304e-17,6.3112945981792864e-18,20.901481586292583,0.26505191388815985,2459049.8753935,B,True,88,55.24539350019768,B
55,2.433999323553875e-17,9.644726077992911e-18,20.96703380454593,0.4302389470993352,2459050.8753935,B,True,88,56.24539350019768,B
56,2.3399721564836917e-17,1.2297617137505156e-17,21.009805991436316,0.5706099125282369,2459051.8753935,B,True,88,57.24539350019768,B
57,2.3014069900821862e-17,1.4484388019696066e-17,21.027848503179907,0.683332500060724,2459052.8753935,B,True,88,58.24539350019768,B
58,2.3093414778205043e-17,1.6488413086090684e-17,21.024111908290784,0.7751997223113055,2459053.8753935,B,True,88,59.24539350019768,B
59,2.392798639776276e-17,1.837647389598324e-17,20.98556918379617,0.8338318269379186,2459054.8753935,B,True,88,60.24539350019768,B
60,2.5419452943344052e-17,1.9959718764191626e-17,20.919920939028646,0.8525351534335112,2459055.8753935,B,True,88,61.24539350019768,B
61,2.7210073653391522e-17,2.1309086542118176e-17,20.84601236495141,0.8502753182592693,2459056.8753935,B,True,88,62.24539350019768,B
62,2.900581073914512e-17,2.3060041172235332e-17,20.776622835176347,0.8631725102471114,2459057.8753935,B,True,88,63.24539350019768,B
63,3.038337635679085e-17,2.5991189963631213e-17,20.726243143309397,0.928777224245035,2459058.8753935,B,True,88,64.24539350019768,B
64,3.102833659706297e-17,3.005544866430943e-17,20.70343583603196,1.0516909145600062,2459059.8753935,B,True,88,65.24539350019768,B
65,3.08763358323697e-17,3.424898771221695e-17,20.70876788145138,1.2043369711328065,2459060.8753935,B,True,88,66.24539350019768,B
66,3.003785463374897e-17,3.742938810040735e-17,20.73866107868101,1.3529169346692298,2459061.8753935,B,True,88,67.24539350019768,B
67,2.8731294302808037e-17,3.8826471066035777e-17,20.786946571532003,1.467234491753531,2459062.8753935,B,True,88,68.24539350019768,B
68,2.723227854181565e-17,3.81618529727135e-17,20.84512509868851,1.521494397639431,2459063.8753935,B,True,88,69.24539350019768,B
69,2.5831771756255874e-17,3.5657696642390765e-17,20.90244893705602,1.4987245221192147,2459064.8753935,B,True,88,70.24539350019768,B
70,2.4793969744939297e-17,3.2037282649802234e-17,20.94696787472614,1.4029160107052716,2459065.8753935,B,True,88,71.24539350019768,B
71,2.431080435696218e-17,2.8443915467536514e-17,20.968333739880716,1.2703217021012365,2459066.8753935,B,True,88,72.24539350019768,B
72,2.442902953650428e-17,2.6007137966272006e-17,20.963066687876776,1.1558770263550002,2459067.8753935,B,True,88,73.24539350019768,B
73,2.4929472739480833e-17,2.5026517163013285e-17,20.941049745217978,1.089964458221936,2459068.8753935,B,True,88,74.24539350019768,B
74,2.541887394770715e-17,2.4911680195442055e-17,20.919941554423275,1.0640725528671504,2459069.8753935,B,True,88,75.24539350019768,B
75,2.5980211549820797e-17,2.5089253364031597e-17,20.896226107068525,1.0485033454358696,2459070.8753935,B,True,88,76.24539350019768,B
76,2.695042858117226e-17,2.5287140940614707e-17,20.85641950997619,1.0187310938804361,2459071.8753935,B,True,88,77.24539350019768,B
77,2.7966520502970175e-17,2.5295859644774057e-17,20.816236821776013,0.9820557536349476,2459072.8753935,B,True,88,78.24539350019768,B
78,2.854724841102278e-17,2.5166465272573435e-17,20.79392153967895,0.9571554592053827,2459073.8753935,B,True,88,79.24539350019768,B
79,2.876400888518277e-17,2.5116087258903927e-17,20.78570847026689,0.9480405000577835,2459074.8753935,B,True,88,80.24539350019768,B
80,2.8623059889169574e-17,2.5238450030636177e-17,20.791042004468107,0.9573508484900144,2459075.8753935,B,True,88,81.24539350019768,B
81,2.8000253542025854e-17,2.5340094499594184e-17,20.814928070751836,0.9825878292104291,2459076.8753935,B,True,88,82.24539350019768,B
82,2.6896033764070656e-17,2.5254414676515858e-17,20.85861358112881,1.0194711303808988,2459077.8753935,B,True,88,83.24539350019768,B
83,2.5692581429383878e-17,2.514669732963317e-17,20.90831429557929,1.0626708424159168,2459078.8753935,B,True,88,84.24539350019768,B
84,2.5023847621532002e-17,2.512336951773577e-17,20.936946932980707,1.0900545791559817,2459079.8753935,B,True,88,85.24539350019768,B
85,2.5036240332058606e-17,2.518158249656237e-17,20.93640929102345,1.092039261847048,2459080.8753935,B,True,88,86.24539350019768,B
86,2.520722424151688e-17,2.5418400598158768e-17,20.92901943837377,1.0948320622413137,2459081.8753935,B,True,88,87.24539350019768,B
87,2.4848447536879785e-17,2.587764140872367e-17,20.94458477282234,1.1307092159384562,2459082.8753935,B,True,88,88.24539350019768,B
88,2.3652727747708122e-17,2.6184976632979842e-17,20.998133236169394,1.2019847898114937,2459083.8753935,B,True,88,89.24539350019768,B
89,9.712361278372093e-17,3.619069112383243e-18,19.211570182123335,0.04050398745763459,2458995.8753935,g,True,88,1.2453935001976788,g
90,1.6526559860336631e-16,2.4022346085597763e-18,18.634294569474974,0.015793593265318637,2458996.8753935,g,True,88,2.245393500197679,g
91,2.5098257105227795e-16,2.3751644081124582e-18,18.18054782875337,0.010275005997444422,2458997.8753935,g,True,88,3.245393500197679,g
92,3.407533346550396e-16,3.6481285663557906e-18,17.848489094231258,0.011623309651822226,2458998.8753935,g,True,88,4.245393500197679,g
93,4.186980997954688e-16,4.758668105324454e-18,17.62479873342521,0.012339664674465812,2458999.8753935,g,True,88,5.245393500197679,g
94,4.744026430104721e-16,5.933068272084669e-18,17.48916467032066,0.01357829746581997,2459000.8753935,g,True,88,6.245393500197679,g
95,5.037864635981907e-16,7.615455196130576e-18,17.423908961134465,0.016412248944832074,2459001.8753935,g,True,88,7.245393500197679,g
96,5.100678310065218e-16,9.328580812048837e-18,17.410454188078532,0.01985695451358863,2459002.8753935,g,True,88,8.245393500197679,g
97,5.005828714785089e-16,1.0565674367533466e-17,17.430834913487267,0.02291649291917623,2459003.8753935,g,True,88,9.245393500197679,g
98,4.81820812821208e-16,1.0820705108408056e-17,17.47231215235914,0.024383438340778815,2459004.8753935,g,True,88,10.245393500197679,g
99,4.578903102000122e-16,9.937051193671605e-18,17.527623514527857,0.023562248728851834,2459005.8753935,g,True,88,11.245393500197679,g
100,4.308356301022468e-16,8.222383707514423e-18,17.593749285054436,0.020720573124366686,2459006.8753935,g,True,88,12.245393500197679,g
101,4.01405982646619e-16,6.596639484964025e-18,17.670570202087248,0.01784255670539934,2459007.8753935,g,True,88,13.245393500197679,g
102,3.695929526468383e-16,5.873222257242599e-18,17.76022282819127,0.01725344243124568,2459008.8753935,g,True,88,14.245393500197679,g
103,3.3502946337919883e-16,4.7366123455831155e-18,17.86682804817828,0.015349303260968117,2459009.8753935,g,True,88,15.245393500197679,g
104,2.9770040772996347e-16,3.1623185535458818e-18,17.99509207558454,0.011532703553981906,2459010.8753935,g,True,88,16.24539350019768,g
105,2.594324736743216e-16,3.0494642288516036e-18,18.14448386990054,0.012762825925418685,2459011.8753935,g,True,88,17.24539350019768,g
106,2.2535593085249917e-16,2.972310344845543e-18,18.297369764954706,0.014320593303632001,2459012.8753935,g,True,88,18.24539350019768,g
107,1.994662360027317e-16,3.4718641814176826e-18,18.429862963249615,0.018899566294863716,2459013.8753935,g,True,88,19.24539350019768,g
108,1.8001645586288876e-16,4.3854909829181454e-18,18.541252899725666,0.026451517737989472,2459014.8753935,g,True,88,20.24539350019768,g
109,1.6418549762476603e-16,4.6888672272381365e-18,18.641194830697856,0.031007116569248597,2459015.8753935,g,True,88,21.24539350019768,g
110,1.511639289100213e-16,3.884459811266775e-18,18.730909579063105,0.027899054764726667,2459016.8753935,g,True,88,22.24539350019768,g
111,1.4085430573832534e-16,2.550276410377472e-18,18.807602946506552,0.019657748853405967,2459017.8753935,g,True,88,23.24539350019768,g
112,1.3258202490279462e-16,3.5664619856481676e-18,18.873315727178596,0.02920800093424299,2459018.8753935,g,True,88,24.24539350019768,g
113,1.2495832880552624e-16,4.796335388724278e-18,18.937615069614665,0.041675316895039255,2459019.8753935,g,True,88,25.24539350019768,g
114,1.1614151901449828e-16,4.816588444525692e-18,19.017061991149944,0.045027260874784286,2459020.8753935,g,True,88,26.24539350019768,g
115,1.0637965986300175e-16,4.300631919385551e-18,19.1123858222442,0.04389346475734146,2459021.8753935,g,True,88,27.24539350019768,g
116,9.731382010397515e-17,4.589102574357432e-18,19.20909511877877,0.05120279889178104,2459022.8753935,g,True,88,28.24539350019768,g
117,9.001619599175287e-17,5.258135636753998e-18,19.293727099971864,0.06342267365115724,2459023.8753935,g,True,88,29.24539350019768,g
118,8.523148534930088e-17,5.435662151799352e-18,19.353025639720315,0.06924324451850403,2459024.8753935,g,True,88,30.24539350019768,g
119,8.24132490269966e-17,5.1275849626979656e-18,19.389532351140623,0.0675521417898678,2459025.8753935,g,True,88,31.24539350019768,g
120,7.92856799026716e-17,4.9905671992920815e-18,19.431539689950093,0.0683412768017262,2459026.8753935,g,True,88,32.24539350019768,g
121,7.402879465151029e-17,5.5972902961485594e-18,19.506029482370337,0.08209528825266371,2459027.8753935,g,True,88,33.24539350019768,g
122,6.721875741400343e-17,6.7133408550484445e-18,19.61080875752822,0.10844199136054854,2459028.8753935,g,True,88,34.24539350019768,g
123,6.051748644374122e-17,8.306378324244634e-18,19.72483238090538,0.1490330904301403,2459029.8753935,g,True,88,35.24539350019768,g
124,5.514543682779536e-17,1.0851861032914213e-17,19.825756815874563,0.2136701489780326,2459030.8753935,g,True,88,36.24539350019768,g
125,5.1621528803239375e-17,1.4732463694634723e-17,19.897449461837457,0.309872397151897,2459031.8753935,g,True,88,37.24539350019768,g
126,4.985867001120054e-17,1.8906297782880852e-17,19.935172723032167,0.4117123388806139,2459032.8753935,g,True,88,38.24539350019768,g
127,4.939823986783671e-17,2.176626007271747e-17,19.94524531364347,0.4784060840191961,2459033.8753935,g,True,88,39.24539350019768,g
128,4.963161672128526e-17,2.2199992744220462e-17,19.940127999774568,0.48564510821972207,2459034.8753935,g,True,88,40.24539350019768,g
129,4.9947572129556283e-17,1.9781525371022818e-17,19.93323805765671,0.43000183121857394,2459035.8753935,g,True,88,41.24539350019768,g
130,4.9861051590746687e-17,1.4761214419529348e-17,19.935120473082446,0.3214271359504619,2459036.8753935,g,True,88,42.24539350019768,g
131,4.911376739990377e-17,8.07205175900495e-18,19.951516372252403,0.1784390445897089,2459037.8753935,g,True,88,43.24539350019768,g
132,4.76617300654841e-17,1.9758368201517853e-18,19.98410086483568,0.04500459093384491,2459038.8753935,g,True,88,44.24539350019768,g
133,4.5637678569297875e-17,4.7354660002297276e-18,20.031217491534104,0.11266669160601497,2459039.8753935,g,True,88,45.24539350019768,g
134,4.343965939897037e-17,7.060076708655184e-18,20.084810212006865,0.176463713786992,2459040.8753935,g,True,88,46.24539350019768,g
135,4.187437925147558e-17,7.598533904697819e-18,20.124653630478818,0.19701855293791729,2459041.8753935,g,True,88,47.24539350019768,g
136,4.156363105520701e-17,8.269040952072424e-18,20.132740339548715,0.216005813129341,2459042.8753935,g,True,88,48.24539350019768,g
137,4.221190128545136e-17,9.084031218570396e-18,20.115937111358644,0.2336508117620997,2459043.8753935,g,True,88,49.24539350019768,g
138,4.2914734805196077e-17,9.381090430301531e-18,20.098008029773894,0.23734016606662692,2459044.8753935,g,True,88,50.24539350019768,g
139,4.2944044602095355e-17,9.123373699278022e-18,20.097266704421898,0.2306621881316469,2459045.8753935,g,True,88,51.24539350019768,g
140,4.2284328829310045e-17,7.687736191334552e-18,20.114075815627242,0.19739628297117134,2459046.8753935,g,True,88,52.24539350019768,g
141,4.134729767433593e-17,4.6932108387535274e-18,20.138406719903355,0.12323481802467857,2459047.8753935,g,True,88,53.24539350019768,g
142,4.0312728577547775e-17,1.3686715930815117e-18,20.165919356581625,0.036859776685471066,2459048.8753935,g,True,88,54.24539350019768,g
143,3.890679926994923e-17,3.2997816913859623e-18,20.20446193107972,0.0920896426636221,2459049.8753935,g,True,88,55.24539350019768,g
144,3.7315488512294534e-17,4.938321697042257e-18,20.249802707812094,0.14368819113701345,2459050.8753935,g,True,88,56.24539350019768,g
145,3.613181653161865e-17,5.130896307805281e-18,20.284800247569947,0.15417972460483612,2459051.8753935,g,True,88,57.24539350019768,g
146,3.523091291689392e-17,4.6352077704826604e-18,20.31221485858097,0.14284583458676733,2459052.8753935,g,True,88,58.24539350019768,g
147,3.449685186379341e-17,4.258825124981456e-18,20.335075580594264,0.134040102293602,2459053.8753935,g,True,88,59.24539350019768,g
148,3.431678937503684e-17,4.58415810190378e-18,20.340757392492375,0.1450363782382036,2459054.8753935,g,True,88,60.24539350019768,g
149,3.470957293306891e-17,4.849445852664046e-18,20.328401106018163,0.15169361903856807,2459055.8753935,g,True,88,61.24539350019768,g
150,3.542356136619624e-17,4.971149725297246e-18,20.30629397637687,0.15236566985494232,2459056.8753935,g,True,88,62.24539350019768,g
151,3.6240567789039814e-17,7.116054623033625e-18,20.281536937935222,0.21318678908871858,2459057.8753935,g,True,88,63.24539350019768,g
152,3.671645655832851e-17,1.2259467318730187e-17,20.26737211964518,0.3625210620508737,2459058.8753935,g,True,88,64.24539350019768,g
153,3.6487867127325097e-17,1.8674096724322195e-17,20.274153085176653,0.5556742642317286,2459059.8753935,g,True,88,65.24539350019768,g
154,3.5471907725738996e-17,2.4571022255669204e-17,20.304814122221842,0.7520916478539776,2459060.8753935,g,True,88,66.24539350019768,g
155,3.379441747060437e-17,2.8711806249838823e-17,20.357414832239016,0.9224594885798469,2459061.8753935,g,True,88,67.24539350019768,g
156,3.171104189761293e-17,3.0370993333280135e-17,20.426502471703035,1.039865729635083,2459062.8753935,g,True,88,68.24539350019768,g
157,2.95400843091028e-17,2.9290352520232454e-17,20.503499802398487,1.0765560929883005,2459063.8753935,g,True,88,69.24539350019768,g
158,2.760539065069832e-17,2.5648610322250455e-17,20.577043211670865,1.0087607600974295,2459064.8753935,g,True,88,70.24539350019768,g
159,2.618295108756651e-17,2.005964442801957e-17,20.634479328779726,0.8318017277563727,2459065.8753935,g,True,88,71.24539350019768,g
160,2.5459901132802603e-17,1.3612814993274395e-17,20.664882422853005,0.5805108097042962,2459066.8753935,g,True,88,72.24539350019768,g
161,2.5471429635570343e-17,7.920502287357073e-18,20.664390853069015,0.3376213019424249,2459067.8753935,g,True,88,73.24539350019768,g
162,2.5986570070642065e-17,4.8808920836256755e-18,20.642652154740038,0.20392970457021253,2459068.8753935,g,True,88,74.24539350019768,g
163,2.659124247983522e-17,4.719598181968831e-18,20.61767794163701,0.192703283040418,2459069.8753935,g,True,88,75.24539350019768,g
164,2.7304137709878948e-17,5.408234433385151e-18,20.588953876199184,0.21505456984802546,2459070.8753935,g,True,88,76.24539350019768,g
165,2.835245892864946e-17,5.9770998671207034e-18,20.54804871653486,0.22888839076584577,2459071.8753935,g,True,88,77.24539350019768,g
166,2.926258735479366e-17,5.849138972564939e-18,20.513742678267867,0.21702279041703337,2459072.8753935,g,True,88,78.24539350019768,g
167,2.9578565563031695e-17,5.23978564210921e-18,20.502081234559036,0.1923361746571436,2459073.8753935,g,True,88,79.24539350019768,g
168,2.949607552546124e-17,4.90508416093855e-18,20.50511346069658,0.18055379860439422,2459074.8753935,g,True,88,80.24539350019768,g
169,2.9114642108284094e-17,5.343448741750354e-18,20.51924571875079,0.19926757638676978,2459075.8753935,g,True,88,81.24539350019768,g
170,2.834645580217489e-17,5.77821832584986e-18,20.548278273281685,0.22132012022987776,2459076.8753935,g,True,88,82.24539350019768,g
171,2.7193937832957108e-17,5.506855218247182e-18,20.593345873455153,0.2198642196292497,2459077.8753935,g,True,88,83.24539350019768,g
172,2.6058213534864088e-17,5.211722677889812e-18,20.639663649071228,0.21715081766819722,2459078.8753935,g,True,88,84.24539350019768,g
173,2.5565168618501558e-17,5.2711697682851516e-18,20.66040235775384,0.22386321570547588,2459079.8753935,g,True,88,85.24539350019768,g
174,2.584208110182633e-17,5.422217440736987e-18,20.648705688389594,0.22781034569105393,2459080.8753935,g,True,88,86.24539350019768,g
175,2.6346881182506155e-17,5.973310781275139e-18,20.627701152623594,0.24615497357164412,2459081.8753935,g,True,88,87.24539350019768,g
176,2.6268159503657896e-17,7.194165515254557e-18,20.63095034232641,0.2973570822853957,2459082.8753935,g,True,88,88.24539350019768,g
177,2.512200851817053e-17,7.760656668968667e-18,20.6793923950019,0.3354060580085326,2459083.8753935,g,True,88,89.24539350019768,g
178,8.09130503799133e-17,5.861194940178059e-18,19.152798892624904,0.07873126388926119,2458995.8753935,V,True,88,1.2453935001976788,V
179,1.4065540235532362e-16,4.635222304183696e-18,18.55230686065235,0.035802615735932075,2458996.8753935,V,True,88,2.245393500197679,V
180,2.1694425558283033e-16,4.157080175840147e-18,18.08172647446924,0.020810593662515926,2458997.8753935,V,True,88,3.245393500197679,V
181,2.9809531446932805e-16,4.476128065524622e-18,17.73663705625845,0.01630442092863113,2458998.8753935,V,True,88,4.245393500197679,V
182,3.6981518113509047e-16,4.866849777668789e-18,17.50252239487506,0.014288960506493394,2458999.8753935,V,True,88,5.245393500197679,V
183,4.2270241354286914e-16,5.57231945852772e-18,17.357377316006172,0.014312608634583468,2459000.8753935,V,True,88,6.245393500197679,V
184,4.533496259289104e-16,6.763313681734562e-18,17.281372955018238,0.016197409340831168,2459001.8753935,V,True,88,7.245393500197679,V
185,4.654861381881979e-16,7.951363553086055e-18,17.25268726591838,0.018546324947807245,2459002.8753935,V,True,88,8.245393500197679,V
186,4.664450280580158e-16,9.050588213729274e-18,17.25045285575311,0.021066923053536697,2459003.8753935,V,True,88,9.245393500197679,V
187,4.617109820464311e-16,9.624078737822022e-18,17.261528687766308,0.02263151653218127,2459004.8753935,V,True,88,10.245393500197679,V
188,4.536003290892879e-16,9.346415991433616e-18,17.280771047429003,0.02237150420035525,2459005.8753935,V,True,88,11.245393500197679,V
189,4.421073190583768e-16,8.314933967559395e-18,17.30863565929208,0.020419846667295675,2459006.8753935,V,True,88,12.245393500197679,V
190,4.262600706592057e-16,7.177431887820354e-18,17.348269209480126,0.01828168193991519,2459007.8753935,V,True,88,13.245393500197679,V
191,4.051385051006869e-16,6.625789239831836e-18,17.403448655237035,0.017756508026816425,2459008.8753935,V,True,88,14.245393500197679,V
192,3.7852776215077815e-16,5.74915788079729e-18,17.477215583998046,0.016490078378335944,2459009.8753935,V,True,88,15.245393500197679,V
193,3.471368321626564e-16,4.7662700330066134e-18,17.57121143170592,0.014907416672687157,2459010.8753935,V,True,88,16.24539350019768,V
194,3.132433985572111e-16,4.873513807123507e-18,17.682760796782578,0.016892651203599948,2459011.8753935,V,True,88,17.24539350019768,V
195,2.81703772978777e-16,4.682554389296507e-18,17.797982905526204,0.018047370351813568,2459012.8753935,V,True,88,18.24539350019768,V
196,2.560856040756354e-16,4.311251338733638e-18,17.9014992057253,0.018278826815631154,2459013.8753935,V,True,88,19.24539350019768,V
197,2.3475579277606977e-16,4.668752441285031e-18,17.995920642003625,0.021593500651012294,2459014.8753935,V,True,88,20.24539350019768,V
198,2.1540811077841038e-16,5.0378994041753504e-18,18.08930631777543,0.02539323556645826,2459015.8753935,V,True,88,21.24539350019768,V
199,1.9806873766194093e-16,4.44922566143079e-18,18.180420764911748,0.024388305812491514,2459016.8753935,V,True,88,22.24539350019768,V
200,1.8371675731903407e-16,3.3728743045349588e-18,18.26208694630906,0.019932973279411383,2459017.8753935,V,True,88,23.24539350019768,V
201,1.7239550694751986e-16,4.0844637980536166e-18,18.331142675948506,0.025724742355186857,2459018.8753935,V,True,88,24.24539350019768,V
202,1.625791898132878e-16,4.956251432043216e-18,18.39479532156189,0.03309931007233196,2459019.8753935,V,True,88,25.24539350019768,V
203,1.52156383940085e-16,4.681559916701147e-18,18.46673363245965,0.03340566120890974,2459020.8753935,V,True,88,26.24539350019768,V
204,1.4157316866624062e-16,4.08363240637182e-18,18.545006642134098,0.03131789746135658,2459021.8753935,V,True,88,27.24539350019768,V
205,1.3272518305376521e-16,4.820858416783813e-18,18.615074075899884,0.0394375725588195,2459022.8753935,V,True,88,28.24539350019768,V
206,1.2624960370134124e-16,6.017571357388937e-18,18.669380742128613,0.051751452672937064,2459023.8753935,V,True,88,29.24539350019768,V
207,1.2198712641843796e-16,6.624449603509725e-18,18.70666982243868,0.05896058030912484,2459024.8753935,V,True,88,30.24539350019768,V
208,1.1856229887613965e-16,6.697330554637961e-18,18.73758851090777,0.061331031421159476,2459025.8753935,V,True,88,31.24539350019768,V
209,1.1343260294219852e-16,6.8964738649524756e-18,18.7856126291977,0.0660114839077079,2459026.8753935,V,True,88,32.24539350019768,V
210,1.0525652285420903e-16,7.772817532502618e-18,18.866839444485596,0.08018093371759358,2459027.8753935,V,True,88,33.24539350019768,V
211,9.528488201633333e-17,9.26765695581123e-18,18.974905377252668,0.1056077746306839,2459028.8753935,V,True,88,34.24539350019768,V
212,8.559563643263903e-17,1.1463955231968394e-17,19.09133618098249,0.145423675575325,2459029.8753935,V,True,88,35.24539350019768,V
213,7.754896581312232e-17,1.4437682719884847e-17,19.198522275229415,0.20214795044400485,2459030.8753935,V,True,88,36.24539350019768,V
214,7.164663669464788e-17,1.807837803599674e-17,19.284469164328506,0.27397008798412653,2459031.8753935,V,True,88,37.24539350019768,V
215,6.77358746622907e-17,2.156405436362707e-17,19.345409257207177,0.3456550079800284,2459032.8753935,V,True,88,38.24539350019768,V
216,6.530983165219967e-17,2.366344978509005e-17,19.38500845040353,0.39339208196688275,2459033.8753935,V,True,88,39.24539350019768,V
217,6.375030551375704e-17,2.3471375999843256e-17,19.411248765012378,0.3997421363465324,2459034.8753935,V,True,88,40.24539350019768,V
218,6.248846365288848e-17,2.0678058248796702e-17,19.432954789369354,0.35927867107554656,2459035.8753935,V,True,88,41.24539350019768,V
219,6.116039943943662e-17,1.5602497485165718e-17,19.456278743693304,0.2769756376695545,2459036.8753935,V,True,88,42.24539350019768,V
220,5.97083574822427e-17,9.268220645154103e-18,19.48236680715047,0.16852810573434354,2459037.8753935,V,True,88,43.24539350019768,V
221,5.823600815357304e-17,4.3631003506468685e-18,19.50947563707024,0.08134254722203443,2459038.8753935,V,True,88,44.24539350019768,V
222,5.675276199086549e-17,5.570135043745124e-18,19.53748722978203,0.10656482223716353,2459039.8753935,V,True,88,45.24539350019768,V
223,5.517557857304189e-17,7.534131098167574e-18,19.568087560959366,0.14825691362496982,2459040.8753935,V,True,88,46.24539350019768,V
224,5.383174167231715e-17,8.426221809821401e-18,19.59485832260881,0.16994987945820147,2459041.8753935,V,True,88,47.24539350019768,V
225,5.310938768959144e-17,9.768327684573694e-18,19.609525835372217,0.199698327216991,2459042.8753935,V,True,88,48.24539350019768,V
226,5.27674989653941e-17,1.1235089884381578e-17,19.616537771031147,0.23117185600340168,2459043.8753935,V,True,88,49.24539350019768,V
227,5.2154045506006637e-17,1.184270542351543e-17,19.629234308824167,0.2465401238978156,2459044.8753935,V,True,88,50.24539350019768,V
228,5.085693275399616e-17,1.1293947432711421e-17,19.656579576416004,0.2411115581462898,2459045.8753935,V,True,88,51.24539350019768,V
229,4.913608799752782e-17,9.246441547877795e-18,19.69395380557793,0.20431053298912694,2459046.8753935,V,True,88,52.24539350019768,V
230,4.7602099309132096e-17,5.8391106989436154e-18,19.72838948368959,0.13317773302889824,2459047.8753935,V,True,88,53.24539350019768,V
231,4.6541102263224915e-17,3.0585031724771173e-18,19.752862731172815,0.07134969220125331,2459048.8753935,V,True,88,54.24539350019768,V
232,4.5615229469053086e-17,4.383928335617974e-18,19.774679787302166,0.10434854630153444,2459049.8753935,V,True,88,55.24539350019768,V
233,4.469591406729607e-17,6.027369642065061e-18,19.796784765883288,0.14641562481286488,2459050.8753935,V,True,88,56.24539350019768,V
234,4.406222703795742e-17,6.903432881384963e-18,19.81228805077721,0.17010775271152534,2459051.8753935,V,True,88,57.24539350019768,V
235,4.339579384080053e-17,7.460801032182999e-18,19.8288352535944,0.18666521594975813,2459052.8753935,V,True,88,58.24539350019768,V
236,4.251239623208184e-17,8.001835359421054e-18,19.851165454031793,0.20436193176176715,2459053.8753935,V,True,88,59.24539350019768,V
237,4.1825921497603144e-17,8.759326574328232e-18,19.86884035248539,0.22737908471788246,2459054.8753935,V,True,88,60.24539350019768,V
238,4.149461506599534e-17,9.416880670473135e-18,19.877474670858287,0.2463995240643589,2459055.8753935,V,True,88,61.24539350019768,V
239,4.1445781600975516e-17,9.914315732386663e-18,19.87875316811313,0.25972074201298984,2459056.8753935,V,True,88,62.24539350019768,V
240,4.1584651771612614e-17,1.1331919361398767e-17,19.8751213354158,0.2958654505612954,2459057.8753935,V,True,88,63.24539350019768,V
241,4.1494637584142795e-17,1.5009299004947912e-17,19.877474128609673,0.3927307401391929,2459058.8753935,V,True,88,64.24539350019768,V
242,4.078952264479166e-17,2.0326545329273742e-17,19.896083110368185,0.5410600378683027,2459059.8753935,V,True,88,65.24539350019768,V
243,3.9364241450810584e-17,2.553015376808456e-17,19.934701253900535,0.7041804343119509,2459060.8753935,V,True,88,66.24539350019768,V
244,3.7346796399645826e-17,2.9234265615925584e-17,19.99182416990339,0.8499050643516614,2459061.8753935,V,True,88,67.24539350019768,V
245,3.501355795852218e-17,3.0660060547956587e-17,20.061868031962444,0.9507475337234628,2459062.8753935,V,True,88,68.24539350019768,V
246,3.270392231346356e-17,2.957505741529211e-17,20.13595891275719,0.9818600958187413,2459063.8753935,V,True,88,69.24539350019768,V
247,3.0744582759805277e-17,2.622132202752837e-17,20.20303559583605,0.9259883780970012,2459064.8753935,V,True,88,70.24539350019768,V
248,2.938400435803243e-17,2.130319805911309e-17,20.252177768696665,0.7871402689251948,2459065.8753935,V,True,88,71.24539350019768,V
249,2.876734796057057e-17,1.610854432794523e-17,20.275204507855033,0.6079653117950247,2459066.8753935,V,True,88,72.24539350019768,V
250,2.890370930961684e-17,1.2451996089178898e-17,20.270070294964874,0.4677484848375794,2459067.8753935,V,True,88,73.24539350019768,V
251,2.9585636151589485e-17,1.1240695807930576e-17,20.244752492421625,0.4125132805133464,2459068.8753935,V,True,88,74.24539350019768,V
252,3.044446529103894e-17,1.1221180414385907e-17,20.213683970560133,0.40017962806175467,2459069.8753935,V,True,88,75.24539350019768,V
253,3.139832068882862e-17,1.1310504924163982e-17,20.180189065290634,0.3911115112505272,2459070.8753935,V,True,88,76.24539350019768,V
254,3.246999473892285e-17,1.1404135514515311e-17,20.143749388882217,0.3813335313637392,2459071.8753935,V,True,88,77.24539350019768,V
255,3.3119322162359645e-17,1.1522634400655765e-17,20.12225047215286,0.37774144382141467,2459072.8753935,V,True,88,78.24539350019768,V
256,3.3016500247669044e-17,1.168189175542864e-17,20.125626537901606,0.3841551636164756,2459073.8753935,V,True,88,79.24539350019768,V
257,3.250092289839565e-17,1.1749803535246966e-17,20.142715124827603,0.392517950905911,2459074.8753935,V,True,88,80.24539350019768,V
258,3.17946435844903e-17,1.1735249358048402e-17,20.166569722199895,0.40074042159185896,2459075.8753935,V,True,88,81.24539350019768,V
259,3.089155100919751e-17,1.1674170837761502e-17,20.197855790752,0.4103091537673497,2459076.8753935,V,True,88,82.24539350019768,V
260,2.981220825842592e-17,1.1473516511715056e-17,20.23646995630159,0.417856594510907,2459077.8753935,V,True,88,83.24539350019768,V
261,2.8924177826019976e-17,1.1380814274359724e-17,20.26930190614702,0.4272056835113508,2459078.8753935,V,True,88,84.24539350019768,V
262,2.8738247501207414e-17,1.1436174860330684e-17,20.276303358850463,0.4320607840555205,2459079.8753935,V,True,88,85.24539350019768,V
263,2.934616677484427e-17,1.1420588605628797e-17,20.25357646448388,0.422534594234933,2459080.8753935,V,True,88,86.24539350019768,V
264,3.029346974761644e-17,1.1514091820148137e-17,20.21908227027969,0.41267195941238166,2459081.8753935,V,True,88,87.24539350019768,V
265,3.075048850559545e-17,1.2238389747309363e-17,20.202823952174068,0.4321123071679026,2459082.8753935,V,True,88,88.24539350019768,V
266,3.006660535708437e-17,1.3176387353188341e-17,20.227244786954177,0.4758165733964981,2459083.8753935,V,True,88,89.24539350019768,V
267,6.202759670170301e-17,4.2529230868965765e-18,19.158001605132856,0.07453626708823781,2458995.8753935,r,True,88,1.2453935001976788,r
268,1.0183695365114806e-16,2.1812188687112827e-18,18.619623483664387,0.023275099121622685,2458996.8753935,r,True,88,2.245393500197679,r
269,1.5405798283827172e-16,2.022559889942987e-18,18.1701017949627,0.014254860329639981,2458997.8753935,r,True,88,3.245393500197679,r
270,2.110449818538204e-16,2.9359859409014833e-18,17.82830935568558,0.015104145329078042,2458998.8753935,r,True,88,4.245393500197679,r
271,2.618761786925915e-16,3.681528939469373e-18,17.593966133558443,0.015263156199729877,2458999.8753935,r,True,88,5.245393500197679,r
272,2.989434942329317e-16,5.362558256747524e-18,17.45021299719086,0.019475233344602213,2459000.8753935,r,True,88,6.245393500197679,r
273,3.2031523968018377e-16,7.496214917316053e-18,17.375234188708113,0.025408615423052325,2459001.8753935,r,True,88,7.245393500197679,r
274,3.306780794702791e-16,8.999902824000147e-18,17.34066299794646,0.029549812210740586,2459002.8753935,r,True,88,8.245393500197679,r
275,3.371778459624707e-16,9.889474612199239e-18,17.319528766611057,0.03184475683873852,2459003.8753935,r,True,88,9.245393500197679,r
276,3.437606917977012e-16,9.955390470752806e-18,17.29853586619902,0.03144324597158426,2459004.8753935,r,True,88,10.245393500197679,r
277,3.504428443501708e-16,9.101156867792052e-18,17.27763331667615,0.028197191583025673,2459005.8753935,r,True,88,11.245393500197679,r
278,3.55015457018068e-16,7.634380579812284e-18,17.263557905799534,0.02334813619723266,2459006.8753935,r,True,88,12.245393500197679,r
279,3.550546824092241e-16,6.370151038688178e-18,17.263437945900026,0.019479515320931177,2459007.8753935,r,True,88,13.245393500197679,r
280,3.4912543834754136e-16,6.178525641387507e-18,17.281722912178896,0.019214459318720928,2459008.8753935,r,True,88,14.245393500197679,r
281,3.373216200590185e-16,5.7546528849960975e-18,17.319067354689754,0.018522333460726265,2459009.8753935,r,True,88,15.245393500197679,r
282,3.208674501595308e-16,4.959042982465564e-18,17.37336506307172,0.01678014559096154,2459010.8753935,r,True,88,16.24539350019768,r
283,3.0164713576896707e-16,5.190112085958351e-18,17.440432268916727,0.018681399275105467,2459011.8753935,r,True,88,17.24539350019768,r
284,2.824578842232154e-16,5.0668783473470695e-18,17.511796015803167,0.019476345488811882,2459012.8753935,r,True,88,18.24539350019768,r
285,2.648703327677121e-16,4.22197788759469e-18,17.581596939276462,0.017306245667430747,2459013.8753935,r,True,88,19.24539350019768,r
286,2.472672331397333e-16,4.34737131510109e-18,17.656265022458648,0.01908961341453781,2459014.8753935,r,True,88,20.24539350019768,r
287,2.2843261706321646e-16,4.767471020425366e-18,17.742287780210535,0.022659972313851546,2459015.8753935,r,True,88,21.24539350019768,r
288,2.0978020197289664e-16,3.883997430329347e-18,17.834771923277874,0.02010091380541669,2459016.8753935,r,True,88,22.24539350019768,r
289,1.939301760004099e-16,2.195136458565715e-18,17.92006770970176,0.012289218289049237,2459017.8753935,r,True,88,23.24539350019768,r
290,1.820467009549625e-16,3.359337600711706e-18,17.98872218409907,0.020036526961793658,2459018.8753935,r,True,88,24.24539350019768,r
291,1.7253786518041037e-16,4.443150469414277e-18,18.046967849485036,0.02795989187950893,2459019.8753935,r,True,88,25.24539350019768,r
292,1.630147104749159e-16,3.668913895148518e-18,18.108612538220694,0.024435247711510774,2459020.8753935,r,True,88,26.24539350019768,r
293,1.538823308806943e-16,1.8636239068143662e-18,18.171207027809952,0.0131484412026441,2459021.8753935,r,True,88,27.24539350019768,r
294,1.469639350773658e-16,3.3427134304866866e-18,18.22115058734711,0.024696588385384903,2459022.8753935,r,True,88,28.24539350019768,r
295,1.422804294128516e-16,5.431499320543216e-18,18.256313849634445,0.04144821979965314,2459023.8753935,r,True,88,29.24539350019768,r
296,1.3865775600710579e-16,6.293985092574837e-18,18.284316284345955,0.049284155972710575,2459024.8753935,r,True,88,30.24539350019768,r
297,1.3409737947494414e-16,6.136459040492526e-18,18.32062712163474,0.04968453426859795,2459025.8753935,r,True,88,31.24539350019768,r
298,1.2651152138481774e-16,5.9419024188393025e-18,18.383856188830272,0.05099476929630886,2459026.8753935,r,True,88,32.24539350019768,r
299,1.1585350500960104e-16,6.767302550064796e-18,18.479413025589892,0.06342433976742164,2459027.8753935,r,True,88,33.24539350019768,r
300,1.0423331237370785e-16,8.96180277306686e-18,18.594171504635476,0.09335776557739903,2459028.8753935,r,True,88,34.24539350019768,r
301,9.381623275798287e-17,1.245241988785453e-17,18.70849116408886,0.14412311844704587,2459029.8753935,r,True,88,35.24539350019768,r
302,8.565986098430165e-17,1.6590926841587952e-17,18.807239284429112,0.21030014780450998,2459030.8753935,r,True,88,36.24539350019768,r
303,7.985533076833744e-17,2.0648895927019975e-17,18.883419867677937,0.28075602676359596,2459031.8753935,r,True,88,37.24539350019768,r
304,7.590822942807602e-17,2.3894010549153074e-17,18.938455721629836,0.3417667335496637,2459032.8753935,r,True,88,38.24539350019768,r
305,7.312078142583547e-17,2.5518620378148643e-17,18.97907506989461,0.3789154235316588,2459033.8753935,r,True,88,39.24539350019768,r
306,7.083425824927863e-17,2.5003492442806542e-17,19.01356860717324,0.38324883803288434,2459034.8753935,r,True,88,40.24539350019768,r
307,6.858998651779586e-17,2.234612070138518e-17,19.048525324545153,0.3537222358920269,2459035.8753935,r,True,88,41.24539350019768,r
308,6.632418816793433e-17,1.80047146638208e-17,19.084997222431955,0.2947353890592634,2459036.8753935,r,True,88,42.24539350019768,r
309,6.446852475662667e-17,1.2846411704621092e-17,19.115807195473867,0.21634731359493548,2459037.8753935,r,True,88,43.24539350019768,r
310,6.355698782425937e-17,8.549501061623033e-18,19.13126777262099,0.1460494697772291,2459038.8753935,r,True,88,44.24539350019768,r
311,6.356441008570765e-17,7.109263463382691e-18,19.131140959628482,0.12143250953942862,2459039.8753935,r,True,88,45.24539350019768,r
312,6.370557340835924e-17,7.491821819472854e-18,19.128732427226854,0.12768336947056766,2459040.8753935,r,True,88,46.24539350019768,r
313,6.348180164245567e-17,8.359193119212845e-18,19.132552935472003,0.14296848800537804,2459041.8753935,r,True,88,47.24539350019768,r
314,6.281717863606529e-17,1.033655941545768e-17,19.14398014469473,0.17865894857780995,2459042.8753935,r,True,88,48.24539350019768,r
315,6.154986689951414e-17,1.2633164975964866e-17,19.16610890789962,0.22285031513544754,2459043.8753935,r,True,88,49.24539350019768,r
316,5.948369427024515e-17,1.3869303546093773e-17,19.203182876472997,0.25315323754852936,2459044.8753935,r,True,88,50.24539350019768,r
317,5.673477034080088e-17,1.3259255689177135e-17,19.254555397652027,0.2537413352222055,2459045.8753935,r,True,88,51.24539350019768,r
318,5.393296624336902e-17,1.049740992654268e-17,19.309542504405123,0.21131991630290967,2459046.8753935,r,True,88,52.24539350019768,r
319,5.189617177697838e-17,6.034330130976381e-18,19.35133851598812,0.12624089584120973,2459047.8753935,r,True,88,53.24539350019768,r
320,5.104129411773805e-17,1.746427513378349e-18,19.369371855181242,0.0371488824871689,2459048.8753935,r,True,88,54.24539350019768,r
321,5.1014052983454096e-17,3.4358200814846104e-18,19.369951437633567,0.07312452920957231,2459049.8753935,r,True,88,55.24539350019768,r
322,5.12501938606839e-17,5.063737039343498e-18,19.36493725197822,0.10727514980913345,2459050.8753935,r,True,88,56.24539350019768,r
323,5.150537891758643e-17,5.5628889231409306e-18,19.359544538191145,0.1172659856692846,2459051.8753935,r,True,88,57.24539350019768,r
324,5.122808462583036e-17,5.573683831029625e-18,19.36540587673542,0.11812950806464803,2459052.8753935,r,True,88,58.24539350019768,r
325,5.0189194272170914e-17,5.4062296893677274e-18,19.38765110355972,0.1169522984826167,2459053.8753935,r,True,88,59.24539350019768,r
326,4.881144493838239e-17,5.501958879429112e-18,19.41787266984128,0.12238315336606981,2459054.8753935,r,True,88,60.24539350019768,r
327,4.746854669153767e-17,5.782555179930738e-18,19.448161867557662,0.13226346987865634,2459055.8753935,r,True,88,61.24539350019768,r
328,4.6376826874736785e-17,6.3673805740698505e-18,19.473423817049405,0.14906887767881763,2459056.8753935,r,True,88,62.24539350019768,r
329,4.561365636110334e-17,8.412454242237005e-18,19.491439014337896,0.2002427700746184,2459057.8753935,r,True,88,63.24539350019768,r
330,4.482879752653051e-17,1.263054593221844e-17,19.51028371530222,0.3059119037533768,2459058.8753935,r,True,88,64.24539350019768,r
331,4.3623803749576856e-17,1.795105907552589e-17,19.539868317521666,0.4467863159257725,2459059.8753935,r,True,88,65.24539350019768,r
332,4.185320660512656e-17,2.2826887980221457e-17,19.584856501919617,0.592176824666993,2459060.8753935,r,True,88,66.24539350019768,r
333,3.96347561042412e-17,2.6077681585274114e-17,19.64398905489872,0.7143713398500654,2459061.8753935,r,True,88,67.24539350019768,r
334,3.726333353005153e-17,2.7097143853382454e-17,19.710975683825136,0.7895308796689019,2459062.8753935,r,True,88,68.24539350019768,r
335,3.5095743077718625e-17,2.5856298058055474e-17,19.776043049995025,0.7998984807385151,2459063.8753935,r,True,88,69.24539350019768,r
336,3.3441707281537195e-17,2.2687634232912484e-17,19.828456522885,0.7365814147931632,2459064.8753935,r,True,88,70.24539350019768,r
337,3.24762852013495e-17,1.8050563098981203e-17,19.860260495026782,0.6034546954808704,2459065.8753935,r,True,88,71.24539350019768,r
338,3.224668259713341e-17,1.2726231929541573e-17,19.86796340480084,0.4284895839000432,2459066.8753935,r,True,88,72.24539350019768,r
339,3.269957124972936e-17,8.252572598898787e-18,19.85282136545943,0.2740182783885483,2459067.8753935,r,True,88,73.24539350019768,r
340,3.366831155929239e-17,6.412987124710728e-18,19.82112379764267,0.2068077279744505,2459068.8753935,r,True,88,74.24539350019768,r
341,3.488283898617462e-17,6.332574992792762e-18,19.78264773927957,0.19710323287493173,2459069.8753935,r,True,88,75.24539350019768,r
342,3.6107530599117644e-17,6.155483414602705e-18,19.745182583828612,0.18509342243389693,2459070.8753935,r,True,88,76.24539350019768,r
343,3.7053545661150305e-17,5.9245887128053745e-18,19.717101869121553,0.17360126217960056,2459071.8753935,r,True,88,77.24539350019768,r
344,3.7169318532489985e-17,6.538917466678556e-18,19.71371460623877,0.1910060035086088,2459072.8753935,r,True,88,78.24539350019768,r
345,3.635467051217298e-17,7.737161383188494e-18,19.737776418206575,0.23107333958083617,2459073.8753935,r,True,88,79.24539350019768,r
346,3.509657923981851e-17,8.195215511028707e-18,19.776015467376297,0.2535248870151981,2459074.8753935,r,True,88,80.24539350019768,r
347,3.3768609879277974e-17,7.570139972708288e-18,19.81789454626189,0.24339542981665152,2459075.8753935,r,True,88,81.24539350019768,r
348,3.251054474542522e-17,6.60597060589193e-18,19.859116781321934,0.22061434293368382,2459076.8753935,r,True,88,82.24539350019768,r
349,3.140435723705889e-17,5.954278017533448e-18,19.896702161529245,0.2058556733241933,2459077.8753935,r,True,88,83.24539350019768,r
350,3.0751513244228504e-17,5.996908898889732e-18,19.919509883285503,0.21173166893180778,2459078.8753935,r,True,88,84.24539350019768,r
351,3.0860159168238207e-17,6.3182344231453674e-18,19.91568087175493,0.22229092007854775,2459079.8753935,r,True,88,85.24539350019768,r
352,3.179973429755537e-17,6.217095271433756e-18,19.88311895895527,0.21227132348646138,2459080.8753935,r,True,88,86.24539350019768,r
353,3.334336398853507e-17,6.1699926084293306e-18,19.83165492028562,0.20090843558641558,2459081.8753935,r,True,88,87.24539350019768,r
354,3.4776888673142565e-17,7.700758257015484e-18,19.78595019755569,0.24041425988127374,2459082.8753935,r,True,88,88.24539350019768,r
355,3.5303620174642634e-17,1.017370800350176e-17,19.769627895353203,0.3128847819836954,2459083.8753935,r,True,88,89.24539350019768,r
356,3.586234580076539e-17,5.787601357541224e-18,19.325914925571475,0.17546731399518087,2458995.8753935,i,True,88,1.2453935001976788,i
357,5.786884218222509e-17,1.807384173484444e-18,18.806346447593352,0.03395849828568015,2458996.8753935,i,True,88,2.245393500197679,i
358,8.792880651781845e-17,1.1975095583465387e-18,18.352073257599294,0.014788398325681034,2458997.8753935,i,True,88,3.245393500197679,i
359,1.228681527103232e-16,1.839232383562631e-18,17.988737933106496,0.016252795858229526,2458998.8753935,i,True,88,4.245393500197679,i
360,1.545324477801189e-16,1.8371186202401936e-18,17.73973669165079,0.012908014625408528,2458999.8753935,i,True,88,5.245393500197679,i
361,1.7551127028225725e-16,2.837836333095455e-18,17.60149882919272,0.017554224568360158,2459000.8753935,i,True,88,6.245393500197679,i
362,1.847538267529447e-16,3.2167570407402953e-18,17.545771114567792,0.01890401551098668,2459001.8753935,i,True,88,7.245393500197679,i
363,1.873601563104863e-16,2.0397437685513656e-18,17.53056097125945,0.011820194991301432,2459002.8753935,i,True,88,8.245393500197679,i
364,1.8952615884794161e-16,3.774131591472557e-18,17.51808136207757,0.021620361030763154,2459003.8753935,i,True,88,9.245393500197679,i
365,1.936422807127497e-16,6.0590618371249116e-18,17.494754156864104,0.03397226026459526,2459004.8753935,i,True,88,10.245393500197679,i
366,1.9847867691065137e-16,7.008661339197403e-18,17.467969859528434,0.03833937752027512,2459005.8753935,i,True,88,11.245393500197679,i
367,2.0167754760177595e-16,6.846293864647709e-18,17.450610207959077,0.036857251505105576,2459006.8753935,i,True,88,12.245393500197679,i
368,2.0186918542700423e-16,6.276732682986101e-18,17.449578967267534,0.03375884527233723,2459007.8753935,i,True,88,13.245393500197679,i
369,1.9904129597891198e-16,5.943973143523352e-18,17.46489643535311,0.032423285941560076,2459008.8753935,i,True,88,14.245393500197679,i
370,1.9413143483010677e-16,4.861833645790807e-18,17.492015141837555,0.027190763047481182,2459009.8753935,i,True,88,15.245393500197679,i
371,1.88436679527413e-16,3.3193576314153234e-18,17.52434133135785,0.019125306968948878,2459010.8753935,i,True,88,16.24539350019768,i
372,1.8272445539897185e-16,3.93098028279681e-18,17.55776328860701,0.02335801574499544,2459011.8753935,i,True,88,17.24539350019768,i
373,1.768424288982211e-16,4.137548805514869e-18,17.59328905083553,0.025402550386577582,2459012.8753935,i,True,88,18.24539350019768,i
374,1.6992647932142611e-16,3.1283208591932063e-18,17.63660346107495,0.019987975820106706,2459013.8753935,i,True,88,19.24539350019768,i
375,1.608780125500854e-16,3.753555091233897e-18,17.696016319334948,0.025333289827776835,2459014.8753935,i,True,88,20.24539350019768,i
376,1.496383464416635e-16,4.651485255922298e-18,17.774653121223405,0.03375055543855707,2459015.8753935,i,True,88,21.24539350019768,i
377,1.3776797978468368e-16,3.786597993336578e-18,17.86439016130402,0.029840014016587674,2459016.8753935,i,True,88,22.24539350019768,i
378,1.276420246776725e-16,1.7782069821935566e-18,17.94727453705965,0.015124642708412931,2459017.8753935,i,True,88,23.24539350019768,i
379,1.2031685532009656e-16,3.2520132647259494e-18,18.01144051601211,0.02934810751833843,2459018.8753935,i,True,88,24.24539350019768,i
380,1.1461622938398625e-16,4.5433783944888106e-18,18.06414103241048,0.04303896565932461,2459019.8753935,i,True,88,25.24539350019768,i
381,1.0904469127316862e-16,3.735310852399026e-18,18.11824527259344,0.03719021310067162,2459020.8753935,i,True,88,26.24539350019768,i
382,1.040567237662365e-16,1.4612158761036766e-18,18.16908029140327,0.01524538960373402,2459021.8753935,i,True,88,27.24539350019768,i
383,1.0097828967046954e-16,3.6299000737207474e-18,18.201684399167668,0.03903070943454753,2459022.8753935,i,True,88,28.24539350019768,i
384,9.96528194734405e-17,6.372773079546582e-18,18.216030100937836,0.06943292122184769,2459023.8753935,i,True,88,29.24539350019768,i
385,9.866465653952206e-17,7.216585821252118e-18,18.22685017882394,0.07941350333634886,2459024.8753935,i,True,88,30.24539350019768,i
386,9.623042011299313e-17,6.218111521785808e-18,18.253974423280734,0.070156015507895,2459025.8753935,i,True,88,31.24539350019768,i
387,9.142594943846627e-17,5.716464352171903e-18,18.309584246390653,0.06788812053813457,2459026.8753935,i,True,88,32.24539350019768,i
388,8.534987014682619e-17,8.306531553276447e-18,18.384251924649774,0.1056743293085289,2459027.8753935,i,True,88,33.24539350019768,i
389,7.985551063780192e-17,1.1770327658413609e-17,18.456495406086937,0.16003817406755994,2459028.8753935,i,True,88,34.24539350019768,i
390,7.599024651639678e-17,1.4099038569595835e-17,18.51036096022293,0.20144701666343323,2459029.8753935,i,True,88,35.24539350019768,i
391,7.374432822528599e-17,1.4973487539306363e-17,18.542932946782155,0.22045477468964705,2459030.8753935,i,True,88,36.24539350019768,i
392,7.24375784685392e-17,1.5194238794259794e-17,18.56234444131017,0.22774023667319176,2459031.8753935,i,True,88,37.24539350019768,i
393,7.115533715115074e-17,1.56580168034436e-17,18.58173576613363,0.2389211506257146,2459032.8753935,i,True,88,38.24539350019768,i
394,6.910646567121498e-17,1.6014200823086396e-17,18.613458713285496,0.25160083148385365,2459033.8753935,i,True,88,39.24539350019768,i
395,6.578618079900724e-17,1.5445240311874572e-17,18.666921021997286,0.25490814951060137,2459034.8753935,i,True,88,40.24539350019768,i
396,6.109653788534627e-17,1.3735266823338439e-17,18.747219886572715,0.24408419261061545,2459035.8753935,i,True,88,41.24539350019768,i
397,5.557101625772094e-17,1.0948540278192604e-17,18.850143244248905,0.21390235606518043,2459036.8753935,i,True,88,42.24539350019768,i
398,5.0481567390948877e-17,6.882176632871746e-18,18.954429619827177,0.14800491630452686,2459037.8753935,i,True,88,43.24539350019768,i
399,4.719810489844984e-17,2.710249400571235e-18,19.02744472389801,0.062342316084961893,2459038.8753935,i,True,88,44.24539350019768,i
400,4.6120527402735486e-17,5.547445021256734e-18,19.052518377517206,0.1305952354875566,2459039.8753935,i,True,88,45.24539350019768,i
401,4.6190624420631773e-17,9.660780200462698e-18,19.050869436780903,0.22708134503197533,2459040.8753935,i,True,88,46.24539350019768,i
402,4.623518393378578e-17,1.199400248987515e-17,19.049822544161994,0.2816542371532513,2459041.8753935,i,True,88,47.24539350019768,i
403,4.5626147458041085e-17,1.267268454163451e-17,19.064220001536018,0.3015642149906655,2459042.8753935,i,True,88,48.24539350019768,i
404,4.412858189053974e-17,1.2765509780381084e-17,19.100455975049083,0.31408306664507046,2459043.8753935,i,True,88,49.24539350019768,i
405,4.182294560920773e-17,1.3062878508178764e-17,19.1587213218984,0.3391193746828093,2459044.8753935,i,True,88,50.24539350019768,i
406,3.9100012358560735e-17,1.2722910902581294e-17,19.23181668364938,0.3532913937673496,2459045.8753935,i,True,88,51.24539350019768,i
407,3.6598861518380034e-17,1.0524972964558322e-17,19.303588621846114,0.3122237047865463,2459046.8753935,i,True,88,52.24539350019768,i
408,3.4987032578255785e-17,6.294204834406665e-18,19.352487101346313,0.19531701020238348,2459047.8753935,i,True,88,53.24539350019768,i
409,3.4649302494939176e-17,1.4493646718502967e-18,19.363017815789938,0.045417193876992626,2459048.8753935,i,True,88,54.24539350019768,i
410,3.538412509760787e-17,4.623740172159829e-18,19.340233713781487,0.14186911568913463,2459049.8753935,i,True,88,55.24539350019768,i
411,3.650147471817312e-17,8.169716817126568e-18,19.306478890703854,0.24300385915965217,2459050.8753935,i,True,88,56.24539350019768,i
412,3.7389472663168734e-17,1.045086466993706e-17,19.280380906268974,0.30347650932570064,2459051.8753935,i,True,88,57.24539350019768,i
413,3.7503472590044974e-17,1.2044200336636801e-17,19.277075377775162,0.34868371967500267,2459052.8753935,i,True,88,58.24539350019768,i
414,3.6715487758983726e-17,1.2912697955633444e-17,19.3001316936841,0.3818507411542188,2459053.8753935,i,True,88,59.24539350019768,i
415,3.5383276971187896e-17,1.2996301045744177e-17,19.340260532456227,0.3987925145420577,2459054.8753935,i,True,88,60.24539350019768,i
416,3.398894762049109e-17,1.2946826417003542e-17,19.383911157053404,0.4135723805680321,2459055.8753935,i,True,88,61.24539350019768,i
417,3.291369958403078e-17,1.3475873435218882e-17,19.41881293077108,0.4445352846012552,2459056.8753935,i,True,88,62.24539350019768,i
418,3.2262994380238606e-17,1.4117203533708798e-17,19.440492576224038,0.47508238151423465,2459057.8753935,i,True,88,63.24539350019768,i
419,3.174993925658188e-17,1.425691283187398e-17,19.457897080548307,0.4875364720007538,2459058.8753935,i,True,88,64.24539350019768,i
420,3.100169170498344e-17,1.42082748439042e-17,19.483791441235642,0.4976008764539078,2459059.8753935,i,True,88,65.24539350019768,i
421,2.982960637703242e-17,1.4416247660789635e-17,19.5256373074728,0.5247244280264892,2459060.8753935,i,True,88,66.24539350019768,i
422,2.8320690892717996e-17,1.4327825089164483e-17,19.58199755616432,0.549290140803646,2459061.8753935,i,True,88,67.24539350019768,i
423,2.6764110640185325e-17,1.346444977314606e-17,19.643374989787475,0.5462091548097978,2459062.8753935,i,True,88,68.24539350019768,i
424,2.5510623599469007e-17,1.2628376400438492e-17,19.695452897637512,0.5374660949255461,2459063.8753935,i,True,88,69.24539350019768,i
425,2.4830166714830787e-17,1.2895807804279725e-17,19.72480513320853,0.5638895793750769,2459064.8753935,i,True,88,70.24539350019768,i
426,2.4800272787957022e-17,1.3596288469149418e-17,19.726112969003072,0.595234365559342,2459065.8753935,i,True,88,71.24539350019768,i
427,2.5345710781286017e-17,1.381816034588601e-17,19.70249376205545,0.5919305541668751,2459066.8753935,i,True,88,72.24539350019768,i
428,2.6327421483783733e-17,1.4019226568504527e-17,19.661235083775793,0.5781497345420635,2459067.8753935,i,True,88,73.24539350019768,i
429,2.7598090348910097e-17,1.486187624656048e-17,19.610058881276355,0.5846799204245902,2459068.8753935,i,True,88,74.24539350019768,i
430,2.898613684505946e-17,1.5623370627879356e-17,19.556780376756564,0.5852071555507344,2459069.8753935,i,True,88,75.24539350019768,i
431,3.01783898789397e-17,1.5332239140112652e-17,19.513014882164455,0.5516150990047723,2459070.8753935,i,True,88,76.24539350019768,i
432,3.074250886552823e-17,1.413549913956872e-17,19.49290575021316,0.4992251635035055,2459071.8753935,i,True,88,77.24539350019768,i
433,3.03187992296898e-17,1.367282907699221e-17,19.507974907061126,0.48963496148221336,2459072.8753935,i,True,88,78.24539350019768,i
434,2.8989508570616925e-17,1.5543772561225967e-17,19.556655095184837,0.5821712666231045,2459073.8753935,i,True,88,79.24539350019768,i
435,2.714926438064339e-17,1.8685152321471005e-17,19.627864071387684,0.7472686070213791,2459074.8753935,i,True,88,80.24539350019768,i
436,2.5166717459002067e-17,2.1278510662578382e-17,19.710193660229443,0.9180147732890329,2459075.8753935,i,True,88,81.24539350019768,i
437,2.3305005519461014e-17,2.2384241607029543e-17,19.793636616388582,1.042852027774934,2459076.8753935,i,True,88,82.24539350019768,i
438,2.176365811899842e-17,2.1652063152653315e-17,19.86792790295438,1.0801673033403416,2459077.8753935,i,True,88,83.24539350019768,i
439,2.079941429040499e-17,1.9211918537480442e-17,19.91712715003822,1.0028611394962572,2459078.8753935,i,True,88,84.24539350019768,i
440,2.0589673469636205e-17,1.5919868463510187e-17,19.92813043663359,0.8394906462108893,2459079.8753935,i,True,88,85.24539350019768,i
441,2.128194483654025e-17,1.411461188534159e-17,19.892228784439475,0.7200860645686602,2459080.8753935,i,True,88,86.24539350019768,i
442,2.296849147629425e-17,1.669620532109948e-17,19.80943121439396,0.7892155679324748,2459081.8753935,i,True,88,87.24539350019768,i
443,2.530408633232957e-17,2.2706177053610698e-17,19.704286766107266,0.9742309035752738,2459082.8753935,i,True,88,88.24539350019768,i
444,2.7659426719688283e-17,2.9626928672284713e-17,19.607652555785556,1.1629418814263786,2459083.8753935,i,True,88,89.24539350019768,i
